timestamp_s,src,dst,protocolo,ip_len,info
1779760297.183159,,,TCP,60,"1779760297.183159 IP (tos 0x0, ttl 64, id 43640, offset 0, flags [DF], proto TCP (6), length 60)"
1779760297.193307,,,TCP,60,"1779760297.193307 IP (tos 0x0, ttl 64, id 0, offset 0, flags [DF], proto TCP (6), length 60)"
1779760297.193364,,,TCP,52,"1779760297.193364 IP (tos 0x0, ttl 64, id 43641, offset 0, flags [DF], proto TCP (6), length 52)"
1779760297.193553,,,TCP,88,"1779760297.193553 IP (tos 0x0, ttl 64, id 43642, offset 0, flags [DF], proto TCP (6), length 88)"
1779760297.203615,,,TCP,52,"1779760297.203615 IP (tos 0x0, ttl 64, id 18617, offset 0, flags [DF], proto TCP (6), length 52)"
1779760297.228145,,,TCP,2948,"1779760297.228145 IP (tos 0x0, ttl 64, id 43643, offset 0, flags [DF], proto TCP (6), length 2948)"
1779760297.228215,,,TCP,1252,"1779760297.228215 IP (tos 0x0, ttl 64, id 43645, offset 0, flags [DF], proto TCP (6), length 1252)"
1779760297.228653,,,TCP,2948,"1779760297.228653 IP (tos 0x0, ttl 64, id 43646, offset 0, flags [DF], proto TCP (6), length 2948)"
1779760297.229195,,,TCP,2948,"1779760297.229195 IP (tos 0x0, ttl 64, id 43648, offset 0, flags [DF], proto TCP (6), length 2948)"
1779760297.229214,,,TCP,1500,"1779760297.229214 IP (tos 0x0, ttl 64, id 43650, offset 0, flags [DF], proto TCP (6), length 1500)"
1779760297.229846,,,TCP,2948,"1779760297.229846 IP (tos 0x0, ttl 64, id 43651, offset 0, flags [DF], proto TCP (6), length 2948)"
1779760297.238504,,,TCP,52,"1779760297.238504 IP (tos 0x0, ttl 64, id 18618, offset 0, flags [DF], proto TCP (6), length 52)"
1779760297.238536,,,TCP,52,"1779760297.238536 IP (tos 0x0, ttl 64, id 18619, offset 0, flags [DF], proto TCP (6), length 52)"
1779760297.239290,,,TCP,2948,"1779760297.239290 IP (tos 0x0, ttl 64, id 43653, offset 0, flags [DF], proto TCP (6), length 2948)"
1779760297.239952,,,TCP,52,"1779760297.239952 IP (tos 0x0, ttl 64, id 18620, offset 0, flags [DF], proto TCP (6), length 52)"
1779760297.239968,,,TCP,52,"1779760297.239968 IP (tos 0x0, ttl 64, id 18621, offset 0, flags [DF], proto TCP (6), length 52)"
1779760297.239975,,,TCP,52,"1779760297.239975 IP (tos 0x0, ttl 64, id 18622, offset 0, flags [DF], proto TCP (6), length 52)"
1779760297.239988,,,TCP,52,"1779760297.239988 IP (tos 0x0, ttl 64, id 18623, offset 0, flags [DF], proto TCP (6), length 52)"
1779760297.240328,,,TCP,2948,"1779760297.240328 IP (tos 0x0, ttl 64, id 43655, offset 0, flags [DF], proto TCP (6), length 2948)"
1779760297.242245,,,TCP,2948,"1779760297.242245 IP (tos 0x0, ttl 64, id 43657, offset 0, flags [DF], proto TCP (6), length 2948)"
1779760297.242368,,,TCP,2948,"1779760297.242368 IP (tos 0x0, ttl 64, id 43659, offset 0, flags [DF], proto TCP (6), length 2948)"
1779760297.242773,,,TCP,2948,"1779760297.242773 IP (tos 0x0, ttl 64, id 43661, offset 0, flags [DF], proto TCP (6), length 2948)"
1779760297.242850,,,TCP,2948,"1779760297.242850 IP (tos 0x0, ttl 64, id 43663, offset 0, flags [DF], proto TCP (6), length 2948)"
1779760297.243049,,,TCP,2948,"1779760297.243049 IP (tos 0x0, ttl 64, id 43665, offset 0, flags [DF], proto TCP (6), length 2948)"
1779760297.243106,,,TCP,2948,"1779760297.243106 IP (tos 0x0, ttl 64, id 43667, offset 0, flags [DF], proto TCP (6), length 2948)"
1779760297.243282,,,TCP,2948,"1779760297.243282 IP (tos 0x0, ttl 64, id 43669, offset 0, flags [DF], proto TCP (6), length 2948)"
1779760297.243782,,,TCP,2948,"1779760297.243782 IP (tos 0x0, ttl 64, id 43671, offset 0, flags [DF], proto TCP (6), length 2948)"
1779760297.249901,,,TCP,52,"1779760297.249901 IP (tos 0x0, ttl 64, id 18624, offset 0, flags [DF], proto TCP (6), length 52)"
1779760297.249985,,,TCP,2948,"1779760297.249985 IP (tos 0x0, ttl 64, id 43673, offset 0, flags [DF], proto TCP (6), length 2948)"
1779760297.249997,,,TCP,2948,"1779760297.249997 IP (tos 0x0, ttl 64, id 43675, offset 0, flags [DF], proto TCP (6), length 2948)"
1779760297.250457,,,TCP,52,"1779760297.250457 IP (tos 0x0, ttl 64, id 18625, offset 0, flags [DF], proto TCP (6), length 52)"
1779760297.250505,,,TCP,4396,"1779760297.250505 IP (tos 0x0, ttl 64, id 43677, offset 0, flags [DF], proto TCP (6), length 4396)"
1779760297.253051,,,TCP,52,"1779760297.253051 IP (tos 0x0, ttl 64, id 18626, offset 0, flags [DF], proto TCP (6), length 52)"
1779760297.253076,,,TCP,52,"1779760297.253076 IP (tos 0x0, ttl 64, id 18627, offset 0, flags [DF], proto TCP (6), length 52)"
1779760297.253084,,,TCP,52,"1779760297.253084 IP (tos 0x0, ttl 64, id 18628, offset 0, flags [DF], proto TCP (6), length 52)"
1779760297.253120,,,TCP,52,"1779760297.253120 IP (tos 0x0, ttl 64, id 18629, offset 0, flags [DF], proto TCP (6), length 52)"
1779760297.253128,,,TCP,52,"1779760297.253128 IP (tos 0x0, ttl 64, id 18630, offset 0, flags [DF], proto TCP (6), length 52)"
1779760297.254413,,,TCP,4396,"1779760297.254413 IP (tos 0x0, ttl 64, id 43680, offset 0, flags [DF], proto TCP (6), length 4396)"
1779760297.254544,,,TCP,52,"1779760297.254544 IP (tos 0x0, ttl 64, id 18631, offset 0, flags [DF], proto TCP (6), length 52)"
1779760297.254555,,,TCP,52,"1779760297.254555 IP (tos 0x0, ttl 64, id 18632, offset 0, flags [DF], proto TCP (6), length 52)"
1779760297.254564,,,TCP,52,"1779760297.254564 IP (tos 0x0, ttl 64, id 18633, offset 0, flags [DF], proto TCP (6), length 52)"
1779760297.254592,,,TCP,4396,"1779760297.254592 IP (tos 0x0, ttl 64, id 43683, offset 0, flags [DF], proto TCP (6), length 4396)"
1779760297.255035,,,TCP,4396,"1779760297.255035 IP (tos 0x0, ttl 64, id 43686, offset 0, flags [DF], proto TCP (6), length 4396)"
1779760297.256028,,,TCP,7292,"1779760297.256028 IP (tos 0x0, ttl 64, id 43689, offset 0, flags [DF], proto TCP (6), length 7292)"
1779760297.256639,,,TCP,4276,"1779760297.256639 IP (tos 0x0, ttl 64, id 43694, offset 0, flags [DF], proto TCP (6), length 4276)"
1779760297.261157,,,TCP,52,"1779760297.261157 IP (tos 0x0, ttl 64, id 18634, offset 0, flags [DF], proto TCP (6), length 52)"
1779760297.261185,,,TCP,52,"1779760297.261185 IP (tos 0x0, ttl 64, id 18635, offset 0, flags [DF], proto TCP (6), length 52)"
1779760297.261194,,,TCP,52,"1779760297.261194 IP (tos 0x0, ttl 64, id 18636, offset 0, flags [DF], proto TCP (6), length 52)"
1779760297.263093,,,TCP,2948,"1779760297.263093 IP (tos 0x0, ttl 64, id 43697, offset 0, flags [DF], proto TCP (6), length 2948)"
1779760297.264581,,,TCP,52,"1779760297.264581 IP (tos 0x0, ttl 64, id 18637, offset 0, flags [DF], proto TCP (6), length 52)"
1779760297.264665,,,TCP,52,"1779760297.264665 IP (tos 0x0, ttl 64, id 18638, offset 0, flags [DF], proto TCP (6), length 52)"
1779760297.272950,,,TCP,52,"1779760297.272950 IP (tos 0x0, ttl 64, id 18639, offset 0, flags [DF], proto TCP (6), length 52)"
1779760297.273035,,,TCP,1252,"1779760297.273035 IP (tos 0x0, ttl 64, id 43699, offset 0, flags [DF], proto TCP (6), length 1252)"
1779760297.273228,,,TCP,52,"1779760297.273228 IP (tos 0x0, ttl 64, id 18640, offset 0, flags [DF], proto TCP (6), length 52)"
1779760297.283617,,,TCP,52,"1779760297.283617 IP (tos 0x0, ttl 64, id 18641, offset 0, flags [DF], proto TCP (6), length 52)"
1779760297.290566,,,TCP,4148,"1779760297.290566 IP (tos 0x0, ttl 64, id 43700, offset 0, flags [DF], proto TCP (6), length 4148)"
1779760297.301146,,,TCP,52,"1779760297.301146 IP (tos 0x0, ttl 64, id 18642, offset 0, flags [DF], proto TCP (6), length 52)"
1779760297.334853,,,TCP,4148,"1779760297.334853 IP (tos 0x0, ttl 64, id 43703, offset 0, flags [DF], proto TCP (6), length 4148)"
1779760297.340231,,,TCP,2948,"1779760297.340231 IP (tos 0x0, ttl 64, id 43706, offset 0, flags [DF], proto TCP (6), length 2948)"
1779760297.341090,,,TCP,4396,"1779760297.341090 IP (tos 0x0, ttl 64, id 43708, offset 0, flags [DF], proto TCP (6), length 4396)"
1779760297.341851,,,TCP,4396,"1779760297.341851 IP (tos 0x0, ttl 64, id 43711, offset 0, flags [DF], proto TCP (6), length 4396)"
1779760297.342825,,,TCP,4396,"1779760297.342825 IP (tos 0x0, ttl 64, id 43714, offset 0, flags [DF], proto TCP (6), length 4396)"
1779760297.343619,,,TCP,4396,"1779760297.343619 IP (tos 0x0, ttl 64, id 43717, offset 0, flags [DF], proto TCP (6), length 4396)"
1779760297.344329,,,TCP,2948,"1779760297.344329 IP (tos 0x0, ttl 64, id 43720, offset 0, flags [DF], proto TCP (6), length 2948)"
1779760297.345084,,,TCP,52,"1779760297.345084 IP (tos 0x0, ttl 64, id 18643, offset 0, flags [DF], proto TCP (6), length 52)"
1779760297.345135,,,TCP,1460,"1779760297.345135 IP (tos 0x0, ttl 64, id 43722, offset 0, flags [DF], proto TCP (6), length 1460)"
1779760297.345175,,,TCP,2948,"1779760297.345175 IP (tos 0x0, ttl 64, id 43723, offset 0, flags [DF], proto TCP (6), length 2948)"
1779760297.345823,,,TCP,4396,"1779760297.345823 IP (tos 0x0, ttl 64, id 43725, offset 0, flags [DF], proto TCP (6), length 4396)"
1779760297.346812,,,TCP,4396,"1779760297.346812 IP (tos 0x0, ttl 64, id 43728, offset 0, flags [DF], proto TCP (6), length 4396)"
1779760297.347518,,,TCP,4396,"1779760297.347518 IP (tos 0x0, ttl 64, id 43731, offset 0, flags [DF], proto TCP (6), length 4396)"
1779760297.348452,,,TCP,4396,"1779760297.348452 IP (tos 0x0, ttl 64, id 43734, offset 0, flags [DF], proto TCP (6), length 4396)"
1779760297.348844,,,TCP,2948,"1779760297.348844 IP (tos 0x0, ttl 64, id 43737, offset 0, flags [DF], proto TCP (6), length 2948)"
1779760297.349625,,,TCP,4396,"1779760297.349625 IP (tos 0x0, ttl 64, id 43739, offset 0, flags [DF], proto TCP (6), length 4396)"
1779760297.350308,,,TCP,52,"1779760297.350308 IP (tos 0x0, ttl 64, id 18644, offset 0, flags [DF], proto TCP (6), length 52)"
1779760297.351197,,,TCP,52,"1779760297.351197 IP (tos 0x0, ttl 64, id 18645, offset 0, flags [DF], proto TCP (6), length 52)"
1779760297.351898,,,TCP,52,"1779760297.351898 IP (tos 0x0, ttl 64, id 18646, offset 0, flags [DF], proto TCP (6), length 52)"
1779760297.352008,,,TCP,4396,"1779760297.352008 IP (tos 0x0, ttl 64, id 43742, offset 0, flags [DF], proto TCP (6), length 4396)"
1779760297.352891,,,TCP,52,"1779760297.352891 IP (tos 0x0, ttl 64, id 18647, offset 0, flags [DF], proto TCP (6), length 52)"
1779760297.353013,,,TCP,4396,"1779760297.353013 IP (tos 0x0, ttl 64, id 43745, offset 0, flags [DF], proto TCP (6), length 4396)"
1779760297.353689,,,TCP,52,"1779760297.353689 IP (tos 0x0, ttl 64, id 18648, offset 0, flags [DF], proto TCP (6), length 52)"
1779760297.354125,,,TCP,4396,"1779760297.354125 IP (tos 0x0, ttl 64, id 43748, offset 0, flags [DF], proto TCP (6), length 4396)"
1779760297.354385,,,TCP,52,"1779760297.354385 IP (tos 0x0, ttl 64, id 18649, offset 0, flags [DF], proto TCP (6), length 52)"
1779760297.355120,,,TCP,4396,"1779760297.355120 IP (tos 0x0, ttl 64, id 43751, offset 0, flags [DF], proto TCP (6), length 4396)"
1779760297.355153,,,TCP,52,"1779760297.355153 IP (tos 0x0, ttl 64, id 18650, offset 0, flags [DF], proto TCP (6), length 52)"
1779760297.355177,,,TCP,220,"1779760297.355177 IP (tos 0x0, ttl 64, id 43754, offset 0, flags [DF], proto TCP (6), length 220)"
1779760297.355187,,,TCP,52,"1779760297.355187 IP (tos 0x0, ttl 64, id 18651, offset 0, flags [DF], proto TCP (6), length 52)"
1779760297.355890,,,TCP,52,"1779760297.355890 IP (tos 0x0, ttl 64, id 18652, offset 0, flags [DF], proto TCP (6), length 52)"
1779760297.356281,,,TCP,2948,"1779760297.356281 IP (tos 0x0, ttl 64, id 43755, offset 0, flags [DF], proto TCP (6), length 2948)"
1779760297.356845,,,TCP,52,"1779760297.356845 IP (tos 0x0, ttl 64, id 18653, offset 0, flags [DF], proto TCP (6), length 52)"
1779760297.356893,,,TCP,4396,"1779760297.356893 IP (tos 0x0, ttl 64, id 43757, offset 0, flags [DF], proto TCP (6), length 4396)"
1779760297.357404,,,TCP,4396,"1779760297.357404 IP (tos 0x0, ttl 64, id 43760, offset 0, flags [DF], proto TCP (6), length 4396)"
1779760297.358947,,,TCP,52,"1779760297.358947 IP (tos 0x0, ttl 64, id 18654, offset 0, flags [DF], proto TCP (6), length 52)"
1779760297.359019,,,TCP,52,"1779760297.359019 IP (tos 0x0, ttl 64, id 18655, offset 0, flags [DF], proto TCP (6), length 52)"
1779760297.359844,,,TCP,52,"1779760297.359844 IP (tos 0x0, ttl 64, id 18656, offset 0, flags [DF], proto TCP (6), length 52)"
1779760297.359859,,,TCP,52,"1779760297.359859 IP (tos 0x0, ttl 64, id 18657, offset 0, flags [DF], proto TCP (6), length 52)"
1779760297.360565,,,TCP,4396,"1779760297.360565 IP (tos 0x0, ttl 64, id 43763, offset 0, flags [DF], proto TCP (6), length 4396)"
1779760297.362475,,,TCP,52,"1779760297.362475 IP (tos 0x0, ttl 64, id 18658, offset 0, flags [DF], proto TCP (6), length 52)"
1779760297.363850,,,TCP,52,"1779760297.363850 IP (tos 0x0, ttl 64, id 18659, offset 0, flags [DF], proto TCP (6), length 52)"
1779760297.364727,,,TCP,52,"1779760297.364727 IP (tos 0x0, ttl 64, id 18660, offset 0, flags [DF], proto TCP (6), length 52)"
1779760297.365812,,,TCP,52,"1779760297.365812 IP (tos 0x0, ttl 64, id 18661, offset 0, flags [DF], proto TCP (6), length 52)"
1779760297.366949,,,TCP,52,"1779760297.366949 IP (tos 0x0, ttl 64, id 18662, offset 0, flags [DF], proto TCP (6), length 52)"
1779760297.366966,,,TCP,52,"1779760297.366966 IP (tos 0x0, ttl 64, id 18663, offset 0, flags [DF], proto TCP (6), length 52)"
1779760297.367684,,,TCP,4396,"1779760297.367684 IP (tos 0x0, ttl 64, id 43766, offset 0, flags [DF], proto TCP (6), length 4396)"
1779760297.367831,,,TCP,52,"1779760297.367831 IP (tos 0x0, ttl 64, id 18664, offset 0, flags [DF], proto TCP (6), length 52)"
1779760297.368039,,,TCP,260,"1779760297.368039 IP (tos 0x0, ttl 64, id 43769, offset 0, flags [DF], proto TCP (6), length 260)"
1779760297.370710,,,TCP,52,"1779760297.370710 IP (tos 0x0, ttl 64, id 18665, offset 0, flags [DF], proto TCP (6), length 52)"
1779760297.371116,,,TCP,2948,"1779760297.371116 IP (tos 0x0, ttl 64, id 43770, offset 0, flags [DF], proto TCP (6), length 2948)"
1779760297.372131,,,TCP,4396,"1779760297.372131 IP (tos 0x0, ttl 64, id 43772, offset 0, flags [DF], proto TCP (6), length 4396)"
1779760297.373160,,,TCP,4396,"1779760297.373160 IP (tos 0x0, ttl 64, id 43775, offset 0, flags [DF], proto TCP (6), length 4396)"
1779760297.374085,,,TCP,4396,"1779760297.374085 IP (tos 0x0, ttl 64, id 43778, offset 0, flags [DF], proto TCP (6), length 4396)"
1779760297.375042,,,TCP,4396,"1779760297.375042 IP (tos 0x0, ttl 64, id 43781, offset 0, flags [DF], proto TCP (6), length 4396)"
1779760297.376104,,,TCP,2948,"1779760297.376104 IP (tos 0x0, ttl 64, id 43784, offset 0, flags [DF], proto TCP (6), length 2948)"
1779760297.376993,,,TCP,4396,"1779760297.376993 IP (tos 0x0, ttl 64, id 43786, offset 0, flags [DF], proto TCP (6), length 4396)"
1779760297.377760,,,TCP,4396,"1779760297.377760 IP (tos 0x0, ttl 64, id 43789, offset 0, flags [DF], proto TCP (6), length 4396)"
1779760297.377847,,,TCP,52,"1779760297.377847 IP (tos 0x0, ttl 64, id 18666, offset 0, flags [DF], proto TCP (6), length 52)"
1779760297.378145,,,TCP,52,"1779760297.378145 IP (tos 0x0, ttl 64, id 18667, offset 0, flags [DF], proto TCP (6), length 52)"
1779760297.378165,,,TCP,964,"1779760297.378165 IP (tos 0x0, ttl 64, id 43792, offset 0, flags [DF], proto TCP (6), length 964)"
1779760297.378664,,,TCP,2948,"1779760297.378664 IP (tos 0x0, ttl 64, id 43793, offset 0, flags [DF], proto TCP (6), length 2948)"
1779760297.379806,,,TCP,4396,"1779760297.379806 IP (tos 0x0, ttl 64, id 43795, offset 0, flags [DF], proto TCP (6), length 4396)"
1779760297.380499,,,TCP,4396,"1779760297.380499 IP (tos 0x0, ttl 64, id 43798, offset 0, flags [DF], proto TCP (6), length 4396)"
1779760297.381229,,,TCP,52,"1779760297.381229 IP (tos 0x0, ttl 64, id 18668, offset 0, flags [DF], proto TCP (6), length 52)"
1779760297.381281,,,TCP,4396,"1779760297.381281 IP (tos 0x0, ttl 64, id 43801, offset 0, flags [DF], proto TCP (6), length 4396)"
1779760297.382029,,,TCP,4396,"1779760297.382029 IP (tos 0x0, ttl 64, id 43804, offset 0, flags [DF], proto TCP (6), length 4396)"
1779760297.382206,,,TCP,52,"1779760297.382206 IP (tos 0x0, ttl 64, id 18669, offset 0, flags [DF], proto TCP (6), length 52)"
1779760297.382923,,,TCP,2948,"1779760297.382923 IP (tos 0x0, ttl 64, id 43807, offset 0, flags [DF], proto TCP (6), length 2948)"
1779760297.383305,,,TCP,52,"1779760297.383305 IP (tos 0x0, ttl 64, id 18670, offset 0, flags [DF], proto TCP (6), length 52)"
1779760297.383603,,,TCP,4396,"1779760297.383603 IP (tos 0x0, ttl 64, id 43809, offset 0, flags [DF], proto TCP (6), length 4396)"
1779760297.384283,,,TCP,52,"1779760297.384283 IP (tos 0x0, ttl 64, id 18671, offset 0, flags [DF], proto TCP (6), length 52)"
1779760297.384578,,,TCP,4396,"1779760297.384578 IP (tos 0x0, ttl 64, id 43812, offset 0, flags [DF], proto TCP (6), length 4396)"
1779760297.385164,,,TCP,52,"1779760297.385164 IP (tos 0x0, ttl 64, id 18672, offset 0, flags [DF], proto TCP (6), length 52)"
1779760297.385857,,,TCP,4396,"1779760297.385857 IP (tos 0x0, ttl 64, id 43815, offset 0, flags [DF], proto TCP (6), length 4396)"
1779760297.386203,,,TCP,52,"1779760297.386203 IP (tos 0x0, ttl 64, id 18673, offset 0, flags [DF], proto TCP (6), length 52)"
1779760297.386682,,,TCP,4396,"1779760297.386682 IP (tos 0x0, ttl 64, id 43818, offset 0, flags [DF], proto TCP (6), length 4396)"
1779760297.387187,,,TCP,52,"1779760297.387187 IP (tos 0x0, ttl 64, id 18674, offset 0, flags [DF], proto TCP (6), length 52)"
1779760297.387646,,,TCP,4396,"1779760297.387646 IP (tos 0x0, ttl 64, id 43821, offset 0, flags [DF], proto TCP (6), length 4396)"
1779760297.387834,,,TCP,52,"1779760297.387834 IP (tos 0x0, ttl 64, id 18675, offset 0, flags [DF], proto TCP (6), length 52)"
1779760297.388314,,,TCP,52,"1779760297.388314 IP (tos 0x0, ttl 64, id 18676, offset 0, flags [DF], proto TCP (6), length 52)"
1779760297.388345,,,TCP,220,"1779760297.388345 IP (tos 0x0, ttl 64, id 43824, offset 0, flags [DF], proto TCP (6), length 220)"
1779760297.388382,,,TCP,2948,"1779760297.388382 IP (tos 0x0, ttl 64, id 43825, offset 0, flags [DF], proto TCP (6), length 2948)"
1779760297.388921,,,TCP,52,"1779760297.388921 IP (tos 0x0, ttl 64, id 18677, offset 0, flags [DF], proto TCP (6), length 52)"
1779760297.389645,,,TCP,4396,"1779760297.389645 IP (tos 0x0, ttl 64, id 43827, offset 0, flags [DF], proto TCP (6), length 4396)"
1779760297.389889,,,TCP,52,"1779760297.389889 IP (tos 0x0, ttl 64, id 18678, offset 0, flags [DF], proto TCP (6), length 52)"
1779760297.390371,,,TCP,4396,"1779760297.390371 IP (tos 0x0, ttl 64, id 43830, offset 0, flags [DF], proto TCP (6), length 4396)"
1779760297.390550,,,TCP,52,"1779760297.390550 IP (tos 0x0, ttl 64, id 18679, offset 0, flags [DF], proto TCP (6), length 52)"
1779760297.391337,,,TCP,4396,"1779760297.391337 IP (tos 0x0, ttl 64, id 43833, offset 0, flags [DF], proto TCP (6), length 4396)"
1779760297.391379,,,TCP,52,"1779760297.391379 IP (tos 0x0, ttl 64, id 18680, offset 0, flags [DF], proto TCP (6), length 52)"
1779760297.392114,,,TCP,52,"1779760297.392114 IP (tos 0x0, ttl 64, id 18681, offset 0, flags [DF], proto TCP (6), length 52)"
1779760297.392190,,,TCP,4396,"1779760297.392190 IP (tos 0x0, ttl 64, id 43836, offset 0, flags [DF], proto TCP (6), length 4396)"
1779760297.393056,,,TCP,52,"1779760297.393056 IP (tos 0x0, ttl 64, id 18682, offset 0, flags [DF], proto TCP (6), length 52)"
1779760297.393151,,,TCP,2948,"1779760297.393151 IP (tos 0x0, ttl 64, id 43839, offset 0, flags [DF], proto TCP (6), length 2948)"
1779760297.393658,,,TCP,52,"1779760297.393658 IP (tos 0x0, ttl 64, id 18683, offset 0, flags [DF], proto TCP (6), length 52)"
1779760297.393989,,,TCP,4396,"1779760297.393989 IP (tos 0x0, ttl 64, id 43841, offset 0, flags [DF], proto TCP (6), length 4396)"
1779760297.394631,,,TCP,52,"1779760297.394631 IP (tos 0x0, ttl 64, id 18684, offset 0, flags [DF], proto TCP (6), length 52)"
1779760297.394804,,,TCP,4396,"1779760297.394804 IP (tos 0x0, ttl 64, id 43844, offset 0, flags [DF], proto TCP (6), length 4396)"
1779760297.395920,,,TCP,52,"1779760297.395920 IP (tos 0x0, ttl 64, id 18685, offset 0, flags [DF], proto TCP (6), length 52)"
1779760297.395943,,,TCP,4396,"1779760297.395943 IP (tos 0x0, ttl 64, id 43847, offset 0, flags [DF], proto TCP (6), length 4396)"
1779760297.396795,,,TCP,52,"1779760297.396795 IP (tos 0x0, ttl 64, id 18686, offset 0, flags [DF], proto TCP (6), length 52)"
1779760297.397033,,,TCP,4396,"1779760297.397033 IP (tos 0x0, ttl 64, id 43850, offset 0, flags [DF], proto TCP (6), length 4396)"
1779760297.397817,,,TCP,52,"1779760297.397817 IP (tos 0x0, ttl 64, id 18687, offset 0, flags [DF], proto TCP (6), length 52)"
1779760297.397908,,,TCP,4396,"1779760297.397908 IP (tos 0x0, ttl 64, id 43853, offset 0, flags [DF], proto TCP (6), length 4396)"
1779760297.398423,,,TCP,52,"1779760297.398423 IP (tos 0x0, ttl 64, id 18688, offset 0, flags [DF], proto TCP (6), length 52)"
1779760297.398426,,,TCP,52,"1779760297.398426 IP (tos 0x0, ttl 64, id 18689, offset 0, flags [DF], proto TCP (6), length 52)"
1779760297.398489,,,TCP,220,"1779760297.398489 IP (tos 0x0, ttl 64, id 43856, offset 0, flags [DF], proto TCP (6), length 220)"
1779760297.398800,,,TCP,2948,"1779760297.398800 IP (tos 0x0, ttl 64, id 43857, offset 0, flags [DF], proto TCP (6), length 2948)"
1779760297.399784,,,TCP,52,"1779760297.399784 IP (tos 0x0, ttl 64, id 18690, offset 0, flags [DF], proto TCP (6), length 52)"
1779760297.399918,,,TCP,4396,"1779760297.399918 IP (tos 0x0, ttl 64, id 43859, offset 0, flags [DF], proto TCP (6), length 4396)"
1779760297.400426,,,TCP,52,"1779760297.400426 IP (tos 0x0, ttl 64, id 18691, offset 0, flags [DF], proto TCP (6), length 52)"
1779760297.400743,,,TCP,4396,"1779760297.400743 IP (tos 0x0, ttl 64, id 43862, offset 0, flags [DF], proto TCP (6), length 4396)"
1779760297.401575,,,TCP,52,"1779760297.401575 IP (tos 0x0, ttl 64, id 18692, offset 0, flags [DF], proto TCP (6), length 52)"
1779760297.401644,,,TCP,4396,"1779760297.401644 IP (tos 0x0, ttl 64, id 43865, offset 0, flags [DF], proto TCP (6), length 4396)"
1779760297.402262,,,TCP,52,"1779760297.402262 IP (tos 0x0, ttl 64, id 18693, offset 0, flags [DF], proto TCP (6), length 52)"
1779760297.402334,,,TCP,4396,"1779760297.402334 IP (tos 0x0, ttl 64, id 43868, offset 0, flags [DF], proto TCP (6), length 4396)"
1779760297.403136,,,TCP,2948,"1779760297.403136 IP (tos 0x0, ttl 64, id 43871, offset 0, flags [DF], proto TCP (6), length 2948)"
1779760297.403168,,,TCP,52,"1779760297.403168 IP (tos 0x0, ttl 64, id 18694, offset 0, flags [DF], proto TCP (6), length 52)"
1779760297.404201,,,TCP,52,"1779760297.404201 IP (tos 0x0, ttl 64, id 18695, offset 0, flags [DF], proto TCP (6), length 52)"
1779760297.404306,,,TCP,4396,"1779760297.404306 IP (tos 0x0, ttl 64, id 43873, offset 0, flags [DF], proto TCP (6), length 4396)"
1779760297.404891,,,TCP,52,"1779760297.404891 IP (tos 0x0, ttl 64, id 18696, offset 0, flags [DF], proto TCP (6), length 52)"
1779760297.405321,,,TCP,4396,"1779760297.405321 IP (tos 0x0, ttl 64, id 43876, offset 0, flags [DF], proto TCP (6), length 4396)"
1779760297.405999,,,TCP,52,"1779760297.405999 IP (tos 0x0, ttl 64, id 18697, offset 0, flags [DF], proto TCP (6), length 52)"
1779760297.406185,,,TCP,4396,"1779760297.406185 IP (tos 0x0, ttl 64, id 43879, offset 0, flags [DF], proto TCP (6), length 4396)"
1779760297.407079,,,TCP,52,"1779760297.407079 IP (tos 0x0, ttl 64, id 18698, offset 0, flags [DF], proto TCP (6), length 52)"
1779760297.407153,,,TCP,4396,"1779760297.407153 IP (tos 0x0, ttl 64, id 43882, offset 0, flags [DF], proto TCP (6), length 4396)"
1779760297.407981,,,TCP,52,"1779760297.407981 IP (tos 0x0, ttl 64, id 18699, offset 0, flags [DF], proto TCP (6), length 52)"
1779760297.408058,,,TCP,4396,"1779760297.408058 IP (tos 0x0, ttl 64, id 43885, offset 0, flags [DF], proto TCP (6), length 4396)"
1779760297.408588,,,TCP,52,"1779760297.408588 IP (tos 0x0, ttl 64, id 18700, offset 0, flags [DF], proto TCP (6), length 52)"
1779760297.408624,,,TCP,220,"1779760297.408624 IP (tos 0x0, ttl 64, id 43888, offset 0, flags [DF], proto TCP (6), length 220)"
1779760297.408864,,,TCP,52,"1779760297.408864 IP (tos 0x0, ttl 64, id 18701, offset 0, flags [DF], proto TCP (6), length 52)"
1779760297.408932,,,TCP,2948,"1779760297.408932 IP (tos 0x0, ttl 64, id 43889, offset 0, flags [DF], proto TCP (6), length 2948)"
1779760297.409815,,,TCP,4396,"1779760297.409815 IP (tos 0x0, ttl 64, id 43891, offset 0, flags [DF], proto TCP (6), length 4396)"
1779760297.409990,,,TCP,52,"1779760297.409990 IP (tos 0x0, ttl 64, id 18702, offset 0, flags [DF], proto TCP (6), length 52)"
1779760297.410589,,,TCP,4396,"1779760297.410589 IP (tos 0x0, ttl 64, id 43894, offset 0, flags [DF], proto TCP (6), length 4396)"
1779760297.410961,,,TCP,52,"1779760297.410961 IP (tos 0x0, ttl 64, id 18703, offset 0, flags [DF], proto TCP (6), length 52)"
1779760297.411402,,,TCP,4396,"1779760297.411402 IP (tos 0x0, ttl 64, id 43897, offset 0, flags [DF], proto TCP (6), length 4396)"
1779760297.411801,,,TCP,52,"1779760297.411801 IP (tos 0x0, ttl 64, id 18704, offset 0, flags [DF], proto TCP (6), length 52)"
1779760297.412087,,,TCP,4396,"1779760297.412087 IP (tos 0x0, ttl 64, id 43900, offset 0, flags [DF], proto TCP (6), length 4396)"
1779760297.412422,,,TCP,52,"1779760297.412422 IP (tos 0x0, ttl 64, id 18705, offset 0, flags [DF], proto TCP (6), length 52)"
1779760297.413126,,,TCP,2948,"1779760297.413126 IP (tos 0x0, ttl 64, id 43903, offset 0, flags [DF], proto TCP (6), length 2948)"
1779760297.413169,,,TCP,52,"1779760297.413169 IP (tos 0x0, ttl 64, id 18706, offset 0, flags [DF], proto TCP (6), length 52)"
1779760297.414238,,,TCP,4396,"1779760297.414238 IP (tos 0x0, ttl 64, id 43905, offset 0, flags [DF], proto TCP (6), length 4396)"
1779760297.414461,,,TCP,52,"1779760297.414461 IP (tos 0x0, ttl 64, id 18707, offset 0, flags [DF], proto TCP (6), length 52)"
1779760297.415375,,,TCP,52,"1779760297.415375 IP (tos 0x0, ttl 64, id 18708, offset 0, flags [DF], proto TCP (6), length 52)"
1779760297.415436,,,TCP,4396,"1779760297.415436 IP (tos 0x0, ttl 64, id 43908, offset 0, flags [DF], proto TCP (6), length 4396)"
1779760297.416369,,,TCP,52,"1779760297.416369 IP (tos 0x0, ttl 64, id 18709, offset 0, flags [DF], proto TCP (6), length 52)"
1779760297.416580,,,TCP,4396,"1779760297.416580 IP (tos 0x0, ttl 64, id 43911, offset 0, flags [DF], proto TCP (6), length 4396)"
1779760297.417394,,,TCP,52,"1779760297.417394 IP (tos 0x0, ttl 64, id 18710, offset 0, flags [DF], proto TCP (6), length 52)"
1779760297.417665,,,TCP,4396,"1779760297.417665 IP (tos 0x0, ttl 64, id 43914, offset 0, flags [DF], proto TCP (6), length 4396)"
1779760297.418105,,,TCP,52,"1779760297.418105 IP (tos 0x0, ttl 64, id 18711, offset 0, flags [DF], proto TCP (6), length 52)"
1779760297.418539,,,TCP,4396,"1779760297.418539 IP (tos 0x0, ttl 64, id 43917, offset 0, flags [DF], proto TCP (6), length 4396)"
1779760297.418692,,,TCP,52,"1779760297.418692 IP (tos 0x0, ttl 64, id 18712, offset 0, flags [DF], proto TCP (6), length 52)"
1779760297.418726,,,TCP,220,"1779760297.418726 IP (tos 0x0, ttl 64, id 43920, offset 0, flags [DF], proto TCP (6), length 220)"
1779760297.419022,,,TCP,52,"1779760297.419022 IP (tos 0x0, ttl 64, id 18713, offset 0, flags [DF], proto TCP (6), length 52)"
1779760297.419444,,,TCP,2948,"1779760297.419444 IP (tos 0x0, ttl 64, id 43921, offset 0, flags [DF], proto TCP (6), length 2948)"
1779760297.419963,,,TCP,52,"1779760297.419963 IP (tos 0x0, ttl 64, id 18714, offset 0, flags [DF], proto TCP (6), length 52)"
1779760297.420504,,,TCP,4396,"1779760297.420504 IP (tos 0x0, ttl 64, id 43923, offset 0, flags [DF], proto TCP (6), length 4396)"
1779760297.420813,,,TCP,52,"1779760297.420813 IP (tos 0x0, ttl 64, id 18715, offset 0, flags [DF], proto TCP (6), length 52)"
1779760297.421309,,,TCP,4396,"1779760297.421309 IP (tos 0x0, ttl 64, id 43926, offset 0, flags [DF], proto TCP (6), length 4396)"
1779760297.421487,,,TCP,52,"1779760297.421487 IP (tos 0x0, ttl 64, id 18716, offset 0, flags [DF], proto TCP (6), length 52)"
1779760297.422145,,,TCP,52,"1779760297.422145 IP (tos 0x0, ttl 64, id 18717, offset 0, flags [DF], proto TCP (6), length 52)"
1779760297.422164,,,TCP,4396,"1779760297.422164 IP (tos 0x0, ttl 64, id 43929, offset 0, flags [DF], proto TCP (6), length 4396)"
1779760297.422929,,,TCP,4396,"1779760297.422929 IP (tos 0x0, ttl 64, id 43932, offset 0, flags [DF], proto TCP (6), length 4396)"
1779760297.423338,,,TCP,52,"1779760297.423338 IP (tos 0x0, ttl 64, id 18718, offset 0, flags [DF], proto TCP (6), length 52)"
1779760297.423812,,,TCP,2948,"1779760297.423812 IP (tos 0x0, ttl 64, id 43935, offset 0, flags [DF], proto TCP (6), length 2948)"
1779760297.424461,,,TCP,52,"1779760297.424461 IP (tos 0x0, ttl 64, id 18719, offset 0, flags [DF], proto TCP (6), length 52)"
1779760297.424754,,,TCP,4396,"1779760297.424754 IP (tos 0x0, ttl 64, id 43937, offset 0, flags [DF], proto TCP (6), length 4396)"
1779760297.425521,,,TCP,52,"1779760297.425521 IP (tos 0x0, ttl 64, id 18720, offset 0, flags [DF], proto TCP (6), length 52)"
1779760297.425591,,,TCP,4396,"1779760297.425591 IP (tos 0x0, ttl 64, id 43940, offset 0, flags [DF], proto TCP (6), length 4396)"
1779760297.426624,,,TCP,52,"1779760297.426624 IP (tos 0x0, ttl 64, id 18721, offset 0, flags [DF], proto TCP (6), length 52)"
1779760297.426737,,,TCP,4396,"1779760297.426737 IP (tos 0x0, ttl 64, id 43943, offset 0, flags [DF], proto TCP (6), length 4396)"
1779760297.427533,,,TCP,4396,"1779760297.427533 IP (tos 0x0, ttl 64, id 43946, offset 0, flags [DF], proto TCP (6), length 4396)"
1779760297.427743,,,TCP,52,"1779760297.427743 IP (tos 0x0, ttl 64, id 18722, offset 0, flags [DF], proto TCP (6), length 52)"
1779760297.428533,,,TCP,4396,"1779760297.428533 IP (tos 0x0, ttl 64, id 43949, offset 0, flags [DF], proto TCP (6), length 4396)"
1779760297.428572,,,TCP,52,"1779760297.428572 IP (tos 0x0, ttl 64, id 18723, offset 0, flags [DF], proto TCP (6), length 52)"
1779760297.428830,,,TCP,52,"1779760297.428830 IP (tos 0x0, ttl 64, id 18724, offset 0, flags [DF], proto TCP (6), length 52)"
1779760297.428873,,,TCP,220,"1779760297.428873 IP (tos 0x0, ttl 64, id 43952, offset 0, flags [DF], proto TCP (6), length 220)"
1779760297.429593,,,TCP,52,"1779760297.429593 IP (tos 0x0, ttl 64, id 18725, offset 0, flags [DF], proto TCP (6), length 52)"
1779760297.429682,,,TCP,2948,"1779760297.429682 IP (tos 0x0, ttl 64, id 43953, offset 0, flags [DF], proto TCP (6), length 2948)"
1779760297.430470,,,TCP,4396,"1779760297.430470 IP (tos 0x0, ttl 64, id 43955, offset 0, flags [DF], proto TCP (6), length 4396)"
1779760297.430560,,,TCP,52,"1779760297.430560 IP (tos 0x0, ttl 64, id 18726, offset 0, flags [DF], proto TCP (6), length 52)"
1779760297.431491,,,TCP,52,"1779760297.431491 IP (tos 0x0, ttl 64, id 18727, offset 0, flags [DF], proto TCP (6), length 52)"
1779760297.431589,,,TCP,4396,"1779760297.431589 IP (tos 0x0, ttl 64, id 43958, offset 0, flags [DF], proto TCP (6), length 4396)"
1779760297.432283,,,TCP,52,"1779760297.432283 IP (tos 0x0, ttl 64, id 18728, offset 0, flags [DF], proto TCP (6), length 52)"
1779760297.432404,,,TCP,4396,"1779760297.432404 IP (tos 0x0, ttl 64, id 43961, offset 0, flags [DF], proto TCP (6), length 4396)"
1779760297.433020,,,TCP,52,"1779760297.433020 IP (tos 0x0, ttl 64, id 18729, offset 0, flags [DF], proto TCP (6), length 52)"
1779760297.433324,,,TCP,4396,"1779760297.433324 IP (tos 0x0, ttl 64, id 43964, offset 0, flags [DF], proto TCP (6), length 4396)"
1779760297.434015,,,TCP,52,"1779760297.434015 IP (tos 0x0, ttl 64, id 18730, offset 0, flags [DF], proto TCP (6), length 52)"
1779760297.434395,,,TCP,2948,"1779760297.434395 IP (tos 0x0, ttl 64, id 43967, offset 0, flags [DF], proto TCP (6), length 2948)"
1779760297.434832,,,TCP,52,"1779760297.434832 IP (tos 0x0, ttl 64, id 18731, offset 0, flags [DF], proto TCP (6), length 52)"
1779760297.435473,,,TCP,4396,"1779760297.435473 IP (tos 0x0, ttl 64, id 43969, offset 0, flags [DF], proto TCP (6), length 4396)"
1779760297.435727,,,TCP,52,"1779760297.435727 IP (tos 0x0, ttl 64, id 18732, offset 0, flags [DF], proto TCP (6), length 52)"
1779760297.436203,,,TCP,4396,"1779760297.436203 IP (tos 0x0, ttl 64, id 43972, offset 0, flags [DF], proto TCP (6), length 4396)"
1779760297.436905,,,TCP,52,"1779760297.436905 IP (tos 0x0, ttl 64, id 18733, offset 0, flags [DF], proto TCP (6), length 52)"
1779760297.437328,,,TCP,4396,"1779760297.437328 IP (tos 0x0, ttl 64, id 43975, offset 0, flags [DF], proto TCP (6), length 4396)"
1779760297.437681,,,TCP,52,"1779760297.437681 IP (tos 0x0, ttl 64, id 18734, offset 0, flags [DF], proto TCP (6), length 52)"
1779760297.438333,,,TCP,4396,"1779760297.438333 IP (tos 0x0, ttl 64, id 43978, offset 0, flags [DF], proto TCP (6), length 4396)"
1779760297.438711,,,TCP,52,"1779760297.438711 IP (tos 0x0, ttl 64, id 18735, offset 0, flags [DF], proto TCP (6), length 52)"
1779760297.438965,,,TCP,52,"1779760297.438965 IP (tos 0x0, ttl 64, id 18736, offset 0, flags [DF], proto TCP (6), length 52)"
1779760297.439017,,,TCP,468,"1779760297.439017 IP (tos 0x0, ttl 64, id 43981, offset 0, flags [DF], proto TCP (6), length 468)"
1779760297.439235,,,TCP,2948,"1779760297.439235 IP (tos 0x0, ttl 64, id 43982, offset 0, flags [DF], proto TCP (6), length 2948)"
1779760297.439844,,,TCP,52,"1779760297.439844 IP (tos 0x0, ttl 64, id 18737, offset 0, flags [DF], proto TCP (6), length 52)"
1779760297.440252,,,TCP,4396,"1779760297.440252 IP (tos 0x0, ttl 64, id 43984, offset 0, flags [DF], proto TCP (6), length 4396)"
1779760297.440699,,,TCP,52,"1779760297.440699 IP (tos 0x0, ttl 64, id 18738, offset 0, flags [DF], proto TCP (6), length 52)"
1779760297.441329,,,TCP,4396,"1779760297.441329 IP (tos 0x0, ttl 64, id 43987, offset 0, flags [DF], proto TCP (6), length 4396)"
1779760297.441778,,,TCP,52,"1779760297.441778 IP (tos 0x0, ttl 64, id 18739, offset 0, flags [DF], proto TCP (6), length 52)"
1779760297.442420,,,TCP,4396,"1779760297.442420 IP (tos 0x0, ttl 64, id 43990, offset 0, flags [DF], proto TCP (6), length 4396)"
1779760297.442450,,,TCP,52,"1779760297.442450 IP (tos 0x0, ttl 64, id 18740, offset 0, flags [DF], proto TCP (6), length 52)"
1779760297.443443,,,TCP,52,"1779760297.443443 IP (tos 0x0, ttl 64, id 18741, offset 0, flags [DF], proto TCP (6), length 52)"
1779760297.443522,,,TCP,4396,"1779760297.443522 IP (tos 0x0, ttl 64, id 43993, offset 0, flags [DF], proto TCP (6), length 4396)"
1779760297.444528,,,TCP,52,"1779760297.444528 IP (tos 0x0, ttl 64, id 18742, offset 0, flags [DF], proto TCP (6), length 52)"
1779760297.444777,,,TCP,2948,"1779760297.444777 IP (tos 0x0, ttl 64, id 43996, offset 0, flags [DF], proto TCP (6), length 2948)"
1779760297.445641,,,TCP,52,"1779760297.445641 IP (tos 0x0, ttl 64, id 18743, offset 0, flags [DF], proto TCP (6), length 52)"
1779760297.446328,,,TCP,4396,"1779760297.446328 IP (tos 0x0, ttl 64, id 43998, offset 0, flags [DF], proto TCP (6), length 4396)"
1779760297.446348,,,TCP,52,"1779760297.446348 IP (tos 0x0, ttl 64, id 18744, offset 0, flags [DF], proto TCP (6), length 52)"
1779760297.447495,,,TCP,52,"1779760297.447495 IP (tos 0x0, ttl 64, id 18745, offset 0, flags [DF], proto TCP (6), length 52)"
1779760297.447638,,,TCP,4396,"1779760297.447638 IP (tos 0x0, ttl 64, id 44001, offset 0, flags [DF], proto TCP (6), length 4396)"
1779760297.448434,,,TCP,52,"1779760297.448434 IP (tos 0x0, ttl 64, id 18746, offset 0, flags [DF], proto TCP (6), length 52)"
1779760297.449188,,,TCP,52,"1779760297.449188 IP (tos 0x0, ttl 64, id 18747, offset 0, flags [DF], proto TCP (6), length 52)"
1779760297.449295,,,TCP,964,"1779760297.449295 IP (tos 0x0, ttl 64, id 44004, offset 0, flags [DF], proto TCP (6), length 964)"
1779760297.449307,,,TCP,52,"1779760297.449307 IP (tos 0x0, ttl 64, id 18748, offset 0, flags [DF], proto TCP (6), length 52)"
1779760297.449431,,,TCP,2948,"1779760297.449431 IP (tos 0x0, ttl 64, id 44005, offset 0, flags [DF], proto TCP (6), length 2948)"
1779760297.450400,,,TCP,52,"1779760297.450400 IP (tos 0x0, ttl 64, id 18749, offset 0, flags [DF], proto TCP (6), length 52)"
1779760297.450579,,,TCP,4396,"1779760297.450579 IP (tos 0x0, ttl 64, id 44007, offset 0, flags [DF], proto TCP (6), length 4396)"
1779760297.451487,,,TCP,52,"1779760297.451487 IP (tos 0x0, ttl 64, id 18750, offset 0, flags [DF], proto TCP (6), length 52)"
1779760297.452197,,,TCP,4396,"1779760297.452197 IP (tos 0x0, ttl 64, id 44010, offset 0, flags [DF], proto TCP (6), length 4396)"
1779760297.452596,,,TCP,52,"1779760297.452596 IP (tos 0x0, ttl 64, id 18751, offset 0, flags [DF], proto TCP (6), length 52)"
1779760297.453643,,,TCP,52,"1779760297.453643 IP (tos 0x0, ttl 64, id 18752, offset 0, flags [DF], proto TCP (6), length 52)"
1779760297.453769,,,TCP,4396,"1779760297.453769 IP (tos 0x0, ttl 64, id 44013, offset 0, flags [DF], proto TCP (6), length 4396)"
1779760297.455051,,,TCP,52,"1779760297.455051 IP (tos 0x0, ttl 64, id 18753, offset 0, flags [DF], proto TCP (6), length 52)"
1779760297.455260,,,TCP,4396,"1779760297.455260 IP (tos 0x0, ttl 64, id 44016, offset 0, flags [DF], proto TCP (6), length 4396)"
1779760297.456638,,,TCP,52,"1779760297.456638 IP (tos 0x0, ttl 64, id 18754, offset 0, flags [DF], proto TCP (6), length 52)"
1779760297.456669,,,TCP,2948,"1779760297.456669 IP (tos 0x0, ttl 64, id 44019, offset 0, flags [DF], proto TCP (6), length 2948)"
1779760297.457876,,,TCP,52,"1779760297.457876 IP (tos 0x0, ttl 64, id 18755, offset 0, flags [DF], proto TCP (6), length 52)"
1779760297.458055,,,TCP,4396,"1779760297.458055 IP (tos 0x0, ttl 64, id 44021, offset 0, flags [DF], proto TCP (6), length 4396)"
1779760297.459633,,,TCP,52,"1779760297.459633 IP (tos 0x0, ttl 64, id 18756, offset 0, flags [DF], proto TCP (6), length 52)"
1779760297.459645,,,TCP,52,"1779760297.459645 IP (tos 0x0, ttl 64, id 18757, offset 0, flags [DF], proto TCP (6), length 52)"
1779760297.459770,,,TCP,1212,"1779760297.459770 IP (tos 0x0, ttl 64, id 44024, offset 0, flags [DF], proto TCP (6), length 1212)"
1779760297.459776,,,TCP,2948,"1779760297.459776 IP (tos 0x0, ttl 64, id 44025, offset 0, flags [DF], proto TCP (6), length 2948)"
1779760297.460793,,,TCP,52,"1779760297.460793 IP (tos 0x0, ttl 64, id 18758, offset 0, flags [DF], proto TCP (6), length 52)"
1779760297.460928,,,TCP,4396,"1779760297.460928 IP (tos 0x0, ttl 64, id 44027, offset 0, flags [DF], proto TCP (6), length 4396)"
1779760297.462358,,,TCP,52,"1779760297.462358 IP (tos 0x0, ttl 64, id 18759, offset 0, flags [DF], proto TCP (6), length 52)"
1779760297.462397,,,TCP,4396,"1779760297.462397 IP (tos 0x0, ttl 64, id 44030, offset 0, flags [DF], proto TCP (6), length 4396)"
1779760297.463627,,,TCP,4396,"1779760297.463627 IP (tos 0x0, ttl 64, id 44033, offset 0, flags [DF], proto TCP (6), length 4396)"
1779760297.463897,,,TCP,52,"1779760297.463897 IP (tos 0x0, ttl 64, id 18760, offset 0, flags [DF], proto TCP (6), length 52)"
1779760297.465076,,,TCP,4396,"1779760297.465076 IP (tos 0x0, ttl 64, id 44036, offset 0, flags [DF], proto TCP (6), length 4396)"
1779760297.465430,,,TCP,52,"1779760297.465430 IP (tos 0x0, ttl 64, id 18761, offset 0, flags [DF], proto TCP (6), length 52)"
1779760297.466184,,,TCP,2948,"1779760297.466184 IP (tos 0x0, ttl 64, id 44039, offset 0, flags [DF], proto TCP (6), length 2948)"
1779760297.466807,,,TCP,52,"1779760297.466807 IP (tos 0x0, ttl 64, id 18762, offset 0, flags [DF], proto TCP (6), length 52)"
1779760297.467597,,,TCP,4396,"1779760297.467597 IP (tos 0x0, ttl 64, id 44041, offset 0, flags [DF], proto TCP (6), length 4396)"
1779760297.468230,,,TCP,52,"1779760297.468230 IP (tos 0x0, ttl 64, id 18763, offset 0, flags [DF], proto TCP (6), length 52)"
1779760297.468653,,,TCP,4396,"1779760297.468653 IP (tos 0x0, ttl 64, id 44044, offset 0, flags [DF], proto TCP (6), length 4396)"
1779760297.469886,,,TCP,52,"1779760297.469886 IP (tos 0x0, ttl 64, id 18764, offset 0, flags [DF], proto TCP (6), length 52)"
1779760297.469893,,,TCP,52,"1779760297.469893 IP (tos 0x0, ttl 64, id 18765, offset 0, flags [DF], proto TCP (6), length 52)"
1779760297.470049,,,TCP,4396,"1779760297.470049 IP (tos 0x0, ttl 64, id 44047, offset 0, flags [DF], proto TCP (6), length 4396)"
1779760297.470092,,,TCP,716,"1779760297.470092 IP (tos 0x0, ttl 64, id 44050, offset 0, flags [DF], proto TCP (6), length 716)"
1779760297.471074,,,TCP,52,"1779760297.471074 IP (tos 0x0, ttl 64, id 18766, offset 0, flags [DF], proto TCP (6), length 52)"
1779760297.471376,,,TCP,2948,"1779760297.471376 IP (tos 0x0, ttl 64, id 44051, offset 0, flags [DF], proto TCP (6), length 2948)"
1779760297.472523,,,TCP,52,"1779760297.472523 IP (tos 0x0, ttl 64, id 18767, offset 0, flags [DF], proto TCP (6), length 52)"
1779760297.472764,,,TCP,4396,"1779760297.472764 IP (tos 0x0, ttl 64, id 44053, offset 0, flags [DF], proto TCP (6), length 4396)"
1779760297.473720,,,TCP,52,"1779760297.473720 IP (tos 0x0, ttl 64, id 18768, offset 0, flags [DF], proto TCP (6), length 52)"
1779760297.474079,,,TCP,4396,"1779760297.474079 IP (tos 0x0, ttl 64, id 44056, offset 0, flags [DF], proto TCP (6), length 4396)"
1779760297.475182,,,TCP,52,"1779760297.475182 IP (tos 0x0, ttl 64, id 18769, offset 0, flags [DF], proto TCP (6), length 52)"
1779760297.475425,,,TCP,4396,"1779760297.475425 IP (tos 0x0, ttl 64, id 44059, offset 0, flags [DF], proto TCP (6), length 4396)"
1779760297.476358,,,TCP,52,"1779760297.476358 IP (tos 0x0, ttl 64, id 18770, offset 0, flags [DF], proto TCP (6), length 52)"
1779760297.476624,,,TCP,4396,"1779760297.476624 IP (tos 0x0, ttl 64, id 44062, offset 0, flags [DF], proto TCP (6), length 4396)"
1779760297.477810,,,TCP,52,"1779760297.477810 IP (tos 0x0, ttl 64, id 18771, offset 0, flags [DF], proto TCP (6), length 52)"
1779760297.477829,,,TCP,2948,"1779760297.477829 IP (tos 0x0, ttl 64, id 44065, offset 0, flags [DF], proto TCP (6), length 2948)"
1779760297.478854,,,TCP,52,"1779760297.478854 IP (tos 0x0, ttl 64, id 18772, offset 0, flags [DF], proto TCP (6), length 52)"
1779760297.479181,,,TCP,4396,"1779760297.479181 IP (tos 0x0, ttl 64, id 44067, offset 0, flags [DF], proto TCP (6), length 4396)"
1779760297.480166,,,TCP,52,"1779760297.480166 IP (tos 0x0, ttl 64, id 18773, offset 0, flags [DF], proto TCP (6), length 52)"
1779760297.480172,,,TCP,52,"1779760297.480172 IP (tos 0x0, ttl 64, id 18774, offset 0, flags [DF], proto TCP (6), length 52)"
1779760297.480452,,,TCP,1212,"1779760297.480452 IP (tos 0x0, ttl 64, id 44070, offset 0, flags [DF], proto TCP (6), length 1212)"
1779760297.480474,,,TCP,2948,"1779760297.480474 IP (tos 0x0, ttl 64, id 44071, offset 0, flags [DF], proto TCP (6), length 2948)"
1779760297.481544,,,TCP,52,"1779760297.481544 IP (tos 0x0, ttl 64, id 18775, offset 0, flags [DF], proto TCP (6), length 52)"
1779760297.481784,,,TCP,4396,"1779760297.481784 IP (tos 0x0, ttl 64, id 44073, offset 0, flags [DF], proto TCP (6), length 4396)"
1779760297.483008,,,TCP,52,"1779760297.483008 IP (tos 0x0, ttl 64, id 18776, offset 0, flags [DF], proto TCP (6), length 52)"
1779760297.483212,,,TCP,4396,"1779760297.483212 IP (tos 0x0, ttl 64, id 44076, offset 0, flags [DF], proto TCP (6), length 4396)"
1779760297.484310,,,TCP,52,"1779760297.484310 IP (tos 0x0, ttl 64, id 18777, offset 0, flags [DF], proto TCP (6), length 52)"
1779760297.484325,,,TCP,4396,"1779760297.484325 IP (tos 0x0, ttl 64, id 44079, offset 0, flags [DF], proto TCP (6), length 4396)"
1779760297.485568,,,TCP,52,"1779760297.485568 IP (tos 0x0, ttl 64, id 18778, offset 0, flags [DF], proto TCP (6), length 52)"
1779760297.485745,,,TCP,4396,"1779760297.485745 IP (tos 0x0, ttl 64, id 44082, offset 0, flags [DF], proto TCP (6), length 4396)"
1779760297.486852,,,TCP,52,"1779760297.486852 IP (tos 0x0, ttl 64, id 18779, offset 0, flags [DF], proto TCP (6), length 52)"
1779760297.486970,,,TCP,2948,"1779760297.486970 IP (tos 0x0, ttl 64, id 44085, offset 0, flags [DF], proto TCP (6), length 2948)"
1779760297.487951,,,TCP,52,"1779760297.487951 IP (tos 0x0, ttl 64, id 18780, offset 0, flags [DF], proto TCP (6), length 52)"
1779760297.488125,,,TCP,4396,"1779760297.488125 IP (tos 0x0, ttl 64, id 44087, offset 0, flags [DF], proto TCP (6), length 4396)"
1779760297.489317,,,TCP,4396,"1779760297.489317 IP (tos 0x0, ttl 64, id 44090, offset 0, flags [DF], proto TCP (6), length 4396)"
1779760297.489318,,,TCP,52,"1779760297.489318 IP (tos 0x0, ttl 64, id 18781, offset 0, flags [DF], proto TCP (6), length 52)"
1779760297.490502,,,TCP,52,"1779760297.490502 IP (tos 0x0, ttl 64, id 18782, offset 0, flags [DF], proto TCP (6), length 52)"
1779760297.490509,,,TCP,52,"1779760297.490509 IP (tos 0x0, ttl 64, id 18783, offset 0, flags [DF], proto TCP (6), length 52)"
1779760297.490568,,,TCP,964,"1779760297.490568 IP (tos 0x0, ttl 64, id 44093, offset 0, flags [DF], proto TCP (6), length 964)"
1779760297.491150,,,TCP,2948,"1779760297.491150 IP (tos 0x0, ttl 64, id 44094, offset 0, flags [DF], proto TCP (6), length 2948)"
1779760297.491891,,,TCP,52,"1779760297.491891 IP (tos 0x0, ttl 64, id 18784, offset 0, flags [DF], proto TCP (6), length 52)"
1779760297.492082,,,TCP,4396,"1779760297.492082 IP (tos 0x0, ttl 64, id 44096, offset 0, flags [DF], proto TCP (6), length 4396)"
1779760297.493268,,,TCP,52,"1779760297.493268 IP (tos 0x0, ttl 64, id 18785, offset 0, flags [DF], proto TCP (6), length 52)"
1779760297.493375,,,TCP,4396,"1779760297.493375 IP (tos 0x0, ttl 64, id 44099, offset 0, flags [DF], proto TCP (6), length 4396)"
1779760297.494416,,,TCP,52,"1779760297.494416 IP (tos 0x0, ttl 64, id 18786, offset 0, flags [DF], proto TCP (6), length 52)"
1779760297.494796,,,TCP,4396,"1779760297.494796 IP (tos 0x0, ttl 64, id 44102, offset 0, flags [DF], proto TCP (6), length 4396)"
1779760297.495826,,,TCP,52,"1779760297.495826 IP (tos 0x0, ttl 64, id 18787, offset 0, flags [DF], proto TCP (6), length 52)"
1779760297.496086,,,TCP,4396,"1779760297.496086 IP (tos 0x0, ttl 64, id 44105, offset 0, flags [DF], proto TCP (6), length 4396)"
1779760297.497143,,,TCP,52,"1779760297.497143 IP (tos 0x0, ttl 64, id 18788, offset 0, flags [DF], proto TCP (6), length 52)"
1779760297.497342,,,TCP,2948,"1779760297.497342 IP (tos 0x0, ttl 64, id 44108, offset 0, flags [DF], proto TCP (6), length 2948)"
1779760297.498327,,,TCP,52,"1779760297.498327 IP (tos 0x0, ttl 64, id 18789, offset 0, flags [DF], proto TCP (6), length 52)"
1779760297.498516,,,TCP,4396,"1779760297.498516 IP (tos 0x0, ttl 64, id 44110, offset 0, flags [DF], proto TCP (6), length 4396)"
1779760297.499469,,,TCP,52,"1779760297.499469 IP (tos 0x0, ttl 64, id 18790, offset 0, flags [DF], proto TCP (6), length 52)"
1779760297.499576,,,TCP,4396,"1779760297.499576 IP (tos 0x0, ttl 64, id 44113, offset 0, flags [DF], proto TCP (6), length 4396)"
1779760297.500741,,,TCP,4396,"1779760297.500741 IP (tos 0x0, ttl 64, id 44116, offset 0, flags [DF], proto TCP (6), length 4396)"
1779760297.500766,,,TCP,52,"1779760297.500766 IP (tos 0x0, ttl 64, id 18791, offset 0, flags [DF], proto TCP (6), length 52)"
1779760297.500796,,,TCP,716,"1779760297.500796 IP (tos 0x0, ttl 64, id 44119, offset 0, flags [DF], proto TCP (6), length 716)"
1779760297.501232,,,TCP,52,"1779760297.501232 IP (tos 0x0, ttl 64, id 18792, offset 0, flags [DF], proto TCP (6), length 52)"
1779760297.502182,,,TCP,2948,"1779760297.502182 IP (tos 0x0, ttl 64, id 44120, offset 0, flags [DF], proto TCP (6), length 2948)"
1779760297.502274,,,TCP,52,"1779760297.502274 IP (tos 0x0, ttl 64, id 18793, offset 0, flags [DF], proto TCP (6), length 52)"
1779760297.503461,,,TCP,52,"1779760297.503461 IP (tos 0x0, ttl 64, id 18794, offset 0, flags [DF], proto TCP (6), length 52)"
1779760297.503613,,,TCP,4396,"1779760297.503613 IP (tos 0x0, ttl 64, id 44122, offset 0, flags [DF], proto TCP (6), length 4396)"
1779760297.504828,,,TCP,4396,"1779760297.504828 IP (tos 0x0, ttl 64, id 44125, offset 0, flags [DF], proto TCP (6), length 4396)"
1779760297.504858,,,TCP,52,"1779760297.504858 IP (tos 0x0, ttl 64, id 18795, offset 0, flags [DF], proto TCP (6), length 52)"
1779760297.505825,,,TCP,4396,"1779760297.505825 IP (tos 0x0, ttl 64, id 44128, offset 0, flags [DF], proto TCP (6), length 4396)"
1779760297.506158,,,TCP,52,"1779760297.506158 IP (tos 0x0, ttl 64, id 18796, offset 0, flags [DF], proto TCP (6), length 52)"
1779760297.507230,,,TCP,4396,"1779760297.507230 IP (tos 0x0, ttl 64, id 44131, offset 0, flags [DF], proto TCP (6), length 4396)"
1779760297.507435,,,TCP,52,"1779760297.507435 IP (tos 0x0, ttl 64, id 18797, offset 0, flags [DF], proto TCP (6), length 52)"
1779760297.508528,,,TCP,2948,"1779760297.508528 IP (tos 0x0, ttl 64, id 44134, offset 0, flags [DF], proto TCP (6), length 2948)"
1779760297.508833,,,TCP,52,"1779760297.508833 IP (tos 0x0, ttl 64, id 18798, offset 0, flags [DF], proto TCP (6), length 52)"
1779760297.509787,,,TCP,52,"1779760297.509787 IP (tos 0x0, ttl 64, id 18799, offset 0, flags [DF], proto TCP (6), length 52)"
1779760297.509904,,,TCP,4396,"1779760297.509904 IP (tos 0x0, ttl 64, id 44136, offset 0, flags [DF], proto TCP (6), length 4396)"
1779760297.510950,,,TCP,52,"1779760297.510950 IP (tos 0x0, ttl 64, id 18800, offset 0, flags [DF], proto TCP (6), length 52)"
1779760297.510954,,,TCP,52,"1779760297.510954 IP (tos 0x0, ttl 64, id 18801, offset 0, flags [DF], proto TCP (6), length 52)"
1779760297.511015,,,TCP,1212,"1779760297.511015 IP (tos 0x0, ttl 64, id 44139, offset 0, flags [DF], proto TCP (6), length 1212)"
1779760297.511696,,,TCP,2948,"1779760297.511696 IP (tos 0x0, ttl 64, id 44140, offset 0, flags [DF], proto TCP (6), length 2948)"
1779760297.512351,,,TCP,52,"1779760297.512351 IP (tos 0x0, ttl 64, id 18802, offset 0, flags [DF], proto TCP (6), length 52)"
1779760297.513155,,,TCP,4396,"1779760297.513155 IP (tos 0x0, ttl 64, id 44142, offset 0, flags [DF], proto TCP (6), length 4396)"
1779760297.513795,,,TCP,52,"1779760297.513795 IP (tos 0x0, ttl 64, id 18803, offset 0, flags [DF], proto TCP (6), length 52)"
1779760297.514643,,,TCP,4396,"1779760297.514643 IP (tos 0x0, ttl 64, id 44145, offset 0, flags [DF], proto TCP (6), length 4396)"
1779760297.514963,,,TCP,52,"1779760297.514963 IP (tos 0x0, ttl 64, id 18804, offset 0, flags [DF], proto TCP (6), length 52)"
1779760297.515895,,,TCP,52,"1779760297.515895 IP (tos 0x0, ttl 64, id 18805, offset 0, flags [DF], proto TCP (6), length 52)"
1779760297.516009,,,TCP,4396,"1779760297.516009 IP (tos 0x0, ttl 64, id 44148, offset 0, flags [DF], proto TCP (6), length 4396)"
1779760297.517358,,,TCP,52,"1779760297.517358 IP (tos 0x0, ttl 64, id 18806, offset 0, flags [DF], proto TCP (6), length 52)"
1779760297.517555,,,TCP,4396,"1779760297.517555 IP (tos 0x0, ttl 64, id 44151, offset 0, flags [DF], proto TCP (6), length 4396)"
1779760297.518725,,,TCP,52,"1779760297.518725 IP (tos 0x0, ttl 64, id 18807, offset 0, flags [DF], proto TCP (6), length 52)"
1779760297.518869,,,TCP,2948,"1779760297.518869 IP (tos 0x0, ttl 64, id 44154, offset 0, flags [DF], proto TCP (6), length 2948)"
1779760297.520059,,,TCP,4396,"1779760297.520059 IP (tos 0x0, ttl 64, id 44156, offset 0, flags [DF], proto TCP (6), length 4396)"
1779760297.520177,,,TCP,52,"1779760297.520177 IP (tos 0x0, ttl 64, id 18808, offset 0, flags [DF], proto TCP (6), length 52)"
1779760297.521138,,,TCP,52,"1779760297.521138 IP (tos 0x0, ttl 64, id 18809, offset 0, flags [DF], proto TCP (6), length 52)"
1779760297.521214,,,TCP,1212,"1779760297.521214 IP (tos 0x0, ttl 64, id 44159, offset 0, flags [DF], proto TCP (6), length 1212)"
1779760297.521494,,,TCP,2948,"1779760297.521494 IP (tos 0x0, ttl 64, id 44160, offset 0, flags [DF], proto TCP (6), length 2948)"
1779760297.521814,,,TCP,52,"1779760297.521814 IP (tos 0x0, ttl 64, id 18810, offset 0, flags [DF], proto TCP (6), length 52)"
1779760297.522794,,,TCP,4396,"1779760297.522794 IP (tos 0x0, ttl 64, id 44162, offset 0, flags [DF], proto TCP (6), length 4396)"
1779760297.523470,,,TCP,52,"1779760297.523470 IP (tos 0x0, ttl 64, id 18811, offset 0, flags [DF], proto TCP (6), length 52)"
1779760297.524213,,,TCP,4396,"1779760297.524213 IP (tos 0x0, ttl 64, id 44165, offset 0, flags [DF], proto TCP (6), length 4396)"
1779760297.524858,,,TCP,52,"1779760297.524858 IP (tos 0x0, ttl 64, id 18812, offset 0, flags [DF], proto TCP (6), length 52)"
1779760297.525564,,,TCP,4396,"1779760297.525564 IP (tos 0x0, ttl 64, id 44168, offset 0, flags [DF], proto TCP (6), length 4396)"
1779760297.526096,,,TCP,52,"1779760297.526096 IP (tos 0x0, ttl 64, id 18813, offset 0, flags [DF], proto TCP (6), length 52)"
1779760297.526839,,,TCP,4396,"1779760297.526839 IP (tos 0x0, ttl 64, id 44171, offset 0, flags [DF], proto TCP (6), length 4396)"
1779760297.527739,,,TCP,52,"1779760297.527739 IP (tos 0x0, ttl 64, id 18814, offset 0, flags [DF], proto TCP (6), length 52)"
1779760297.528236,,,TCP,2948,"1779760297.528236 IP (tos 0x0, ttl 64, id 44174, offset 0, flags [DF], proto TCP (6), length 2948)"
1779760297.528979,,,TCP,52,"1779760297.528979 IP (tos 0x0, ttl 64, id 18815, offset 0, flags [DF], proto TCP (6), length 52)"
1779760297.529354,,,TCP,4396,"1779760297.529354 IP (tos 0x0, ttl 64, id 44176, offset 0, flags [DF], proto TCP (6), length 4396)"
1779760297.530282,,,TCP,52,"1779760297.530282 IP (tos 0x0, ttl 64, id 18816, offset 0, flags [DF], proto TCP (6), length 52)"
1779760297.530438,,,TCP,4396,"1779760297.530438 IP (tos 0x0, ttl 64, id 44179, offset 0, flags [DF], proto TCP (6), length 4396)"
1779760297.531418,,,TCP,52,"1779760297.531418 IP (tos 0x0, ttl 64, id 18817, offset 0, flags [DF], proto TCP (6), length 52)"
1779760297.531505,,,TCP,964,"1779760297.531505 IP (tos 0x0, ttl 64, id 44182, offset 0, flags [DF], proto TCP (6), length 964)"
1779760297.531528,,,TCP,52,"1779760297.531528 IP (tos 0x0, ttl 64, id 18818, offset 0, flags [DF], proto TCP (6), length 52)"
1779760297.531595,,,TCP,2948,"1779760297.531595 IP (tos 0x0, ttl 64, id 44183, offset 0, flags [DF], proto TCP (6), length 2948)"
1779760297.532624,,,TCP,4396,"1779760297.532624 IP (tos 0x0, ttl 64, id 44185, offset 0, flags [DF], proto TCP (6), length 4396)"
1779760297.532940,,,TCP,52,"1779760297.532940 IP (tos 0x0, ttl 64, id 18819, offset 0, flags [DF], proto TCP (6), length 52)"
1779760297.533537,,,TCP,4396,"1779760297.533537 IP (tos 0x0, ttl 64, id 44188, offset 0, flags [DF], proto TCP (6), length 4396)"
1779760297.534446,,,TCP,52,"1779760297.534446 IP (tos 0x0, ttl 64, id 18820, offset 0, flags [DF], proto TCP (6), length 52)"
1779760297.534554,,,TCP,4396,"1779760297.534554 IP (tos 0x0, ttl 64, id 44191, offset 0, flags [DF], proto TCP (6), length 4396)"
1779760297.535720,,,TCP,52,"1779760297.535720 IP (tos 0x0, ttl 64, id 18821, offset 0, flags [DF], proto TCP (6), length 52)"
1779760297.535809,,,TCP,4396,"1779760297.535809 IP (tos 0x0, ttl 64, id 44194, offset 0, flags [DF], proto TCP (6), length 4396)"
1779760297.536935,,,TCP,52,"1779760297.536935 IP (tos 0x0, ttl 64, id 18822, offset 0, flags [DF], proto TCP (6), length 52)"
1779760297.537308,,,TCP,2948,"1779760297.537308 IP (tos 0x0, ttl 64, id 44197, offset 0, flags [DF], proto TCP (6), length 2948)"
1779760297.538436,,,TCP,52,"1779760297.538436 IP (tos 0x0, ttl 64, id 18823, offset 0, flags [DF], proto TCP (6), length 52)"
1779760297.538887,,,TCP,4396,"1779760297.538887 IP (tos 0x0, ttl 64, id 44199, offset 0, flags [DF], proto TCP (6), length 4396)"
1779760297.539557,,,TCP,52,"1779760297.539557 IP (tos 0x0, ttl 64, id 18824, offset 0, flags [DF], proto TCP (6), length 52)"
1779760297.540268,,,TCP,4396,"1779760297.540268 IP (tos 0x0, ttl 64, id 44202, offset 0, flags [DF], proto TCP (6), length 4396)"
1779760297.540646,,,TCP,52,"1779760297.540646 IP (tos 0x0, ttl 64, id 18825, offset 0, flags [DF], proto TCP (6), length 52)"
1779760297.541292,,,TCP,4396,"1779760297.541292 IP (tos 0x0, ttl 64, id 44205, offset 0, flags [DF], proto TCP (6), length 4396)"
1779760297.541693,,,TCP,52,"1779760297.541693 IP (tos 0x0, ttl 64, id 18826, offset 0, flags [DF], proto TCP (6), length 52)"
1779760297.541696,,,TCP,52,"1779760297.541696 IP (tos 0x0, ttl 64, id 18827, offset 0, flags [DF], proto TCP (6), length 52)"
1779760297.541835,,,TCP,716,"1779760297.541835 IP (tos 0x0, ttl 64, id 44208, offset 0, flags [DF], proto TCP (6), length 716)"
1779760297.542215,,,TCP,2948,"1779760297.542215 IP (tos 0x0, ttl 64, id 44209, offset 0, flags [DF], proto TCP (6), length 2948)"
1779760297.542767,,,TCP,52,"1779760297.542767 IP (tos 0x0, ttl 64, id 18828, offset 0, flags [DF], proto TCP (6), length 52)"
1779760297.543446,,,TCP,4396,"1779760297.543446 IP (tos 0x0, ttl 64, id 44211, offset 0, flags [DF], proto TCP (6), length 4396)"
1779760297.543710,,,TCP,52,"1779760297.543710 IP (tos 0x0, ttl 64, id 18829, offset 0, flags [DF], proto TCP (6), length 52)"
1779760297.544848,,,TCP,52,"1779760297.544848 IP (tos 0x0, ttl 64, id 18830, offset 0, flags [DF], proto TCP (6), length 52)"
1779760297.544939,,,TCP,4396,"1779760297.544939 IP (tos 0x0, ttl 64, id 44214, offset 0, flags [DF], proto TCP (6), length 4396)"
1779760297.545847,,,TCP,52,"1779760297.545847 IP (tos 0x0, ttl 64, id 18831, offset 0, flags [DF], proto TCP (6), length 52)"
1779760297.546045,,,TCP,4396,"1779760297.546045 IP (tos 0x0, ttl 64, id 44217, offset 0, flags [DF], proto TCP (6), length 4396)"
1779760297.547467,,,TCP,52,"1779760297.547467 IP (tos 0x0, ttl 64, id 18832, offset 0, flags [DF], proto TCP (6), length 52)"
1779760297.547488,,,TCP,4396,"1779760297.547488 IP (tos 0x0, ttl 64, id 44220, offset 0, flags [DF], proto TCP (6), length 4396)"
1779760297.548885,,,TCP,2948,"1779760297.548885 IP (tos 0x0, ttl 64, id 44223, offset 0, flags [DF], proto TCP (6), length 2948)"
1779760297.549060,,,TCP,52,"1779760297.549060 IP (tos 0x0, ttl 64, id 18833, offset 0, flags [DF], proto TCP (6), length 52)"
1779760297.550132,,,TCP,4396,"1779760297.550132 IP (tos 0x0, ttl 64, id 44225, offset 0, flags [DF], proto TCP (6), length 4396)"
1779760297.550421,,,TCP,52,"1779760297.550421 IP (tos 0x0, ttl 64, id 18834, offset 0, flags [DF], proto TCP (6), length 52)"
1779760297.551395,,,TCP,52,"1779760297.551395 IP (tos 0x0, ttl 64, id 18835, offset 0, flags [DF], proto TCP (6), length 52)"
1779760297.551519,,,TCP,4396,"1779760297.551519 IP (tos 0x0, ttl 64, id 44228, offset 0, flags [DF], proto TCP (6), length 4396)"
1779760297.551940,,,TCP,52,"1779760297.551940 IP (tos 0x0, ttl 64, id 18836, offset 0, flags [DF], proto TCP (6), length 52)"
1779760297.551985,,,TCP,964,"1779760297.551985 IP (tos 0x0, ttl 64, id 44231, offset 0, flags [DF], proto TCP (6), length 964)"
1779760297.552362,,,TCP,52,"1779760297.552362 IP (tos 0x0, ttl 64, id 18837, offset 0, flags [DF], proto TCP (6), length 52)"
1779760297.552583,,,TCP,2948,"1779760297.552583 IP (tos 0x0, ttl 64, id 44232, offset 0, flags [DF], proto TCP (6), length 2948)"
1779760297.553549,,,TCP,52,"1779760297.553549 IP (tos 0x0, ttl 64, id 18838, offset 0, flags [DF], proto TCP (6), length 52)"
1779760297.554115,,,TCP,4396,"1779760297.554115 IP (tos 0x0, ttl 64, id 44234, offset 0, flags [DF], proto TCP (6), length 4396)"
1779760297.555108,,,TCP,52,"1779760297.555108 IP (tos 0x0, ttl 64, id 18839, offset 0, flags [DF], proto TCP (6), length 52)"
1779760297.555886,,,TCP,4396,"1779760297.555886 IP (tos 0x0, ttl 64, id 44237, offset 0, flags [DF], proto TCP (6), length 4396)"
1779760297.556161,,,TCP,52,"1779760297.556161 IP (tos 0x0, ttl 64, id 18840, offset 0, flags [DF], proto TCP (6), length 52)"
1779760297.557295,,,TCP,4396,"1779760297.557295 IP (tos 0x0, ttl 64, id 44240, offset 0, flags [DF], proto TCP (6), length 4396)"
1779760297.557631,,,TCP,52,"1779760297.557631 IP (tos 0x0, ttl 64, id 18841, offset 0, flags [DF], proto TCP (6), length 52)"
1779760297.558729,,,TCP,4396,"1779760297.558729 IP (tos 0x0, ttl 64, id 44243, offset 0, flags [DF], proto TCP (6), length 4396)"
1779760297.558962,,,TCP,52,"1779760297.558962 IP (tos 0x0, ttl 64, id 18842, offset 0, flags [DF], proto TCP (6), length 52)"
1779760297.560376,,,TCP,2948,"1779760297.560376 IP (tos 0x0, ttl 64, id 44246, offset 0, flags [DF], proto TCP (6), length 2948)"
1779760297.560412,,,TCP,52,"1779760297.560412 IP (tos 0x0, ttl 64, id 18843, offset 0, flags [DF], proto TCP (6), length 52)"
1779760297.561595,,,TCP,4396,"1779760297.561595 IP (tos 0x0, ttl 64, id 44248, offset 0, flags [DF], proto TCP (6), length 4396)"
1779760297.561685,,,TCP,52,"1779760297.561685 IP (tos 0x0, ttl 64, id 18844, offset 0, flags [DF], proto TCP (6), length 52)"
1779760297.562068,,,TCP,52,"1779760297.562068 IP (tos 0x0, ttl 64, id 18845, offset 0, flags [DF], proto TCP (6), length 52)"
1779760297.562140,,,TCP,1212,"1779760297.562140 IP (tos 0x0, ttl 64, id 44251, offset 0, flags [DF], proto TCP (6), length 1212)"
1779760297.562775,,,TCP,52,"1779760297.562775 IP (tos 0x0, ttl 64, id 18846, offset 0, flags [DF], proto TCP (6), length 52)"
1779760297.563073,,,TCP,2948,"1779760297.563073 IP (tos 0x0, ttl 64, id 44252, offset 0, flags [DF], proto TCP (6), length 2948)"
1779760297.564265,,,TCP,52,"1779760297.564265 IP (tos 0x0, ttl 64, id 18847, offset 0, flags [DF], proto TCP (6), length 52)"
1779760297.564391,,,TCP,4396,"1779760297.564391 IP (tos 0x0, ttl 64, id 44254, offset 0, flags [DF], proto TCP (6), length 4396)"
1779760297.565520,,,TCP,4396,"1779760297.565520 IP (tos 0x0, ttl 64, id 44257, offset 0, flags [DF], proto TCP (6), length 4396)"
1779760297.566074,,,TCP,52,"1779760297.566074 IP (tos 0x0, ttl 64, id 18848, offset 0, flags [DF], proto TCP (6), length 52)"
1779760297.566591,,,TCP,4396,"1779760297.566591 IP (tos 0x0, ttl 64, id 44260, offset 0, flags [DF], proto TCP (6), length 4396)"
1779760297.567399,,,TCP,52,"1779760297.567399 IP (tos 0x0, ttl 64, id 18849, offset 0, flags [DF], proto TCP (6), length 52)"
1779760297.567911,,,TCP,4396,"1779760297.567911 IP (tos 0x0, ttl 64, id 44263, offset 0, flags [DF], proto TCP (6), length 4396)"
1779760297.568883,,,TCP,52,"1779760297.568883 IP (tos 0x0, ttl 64, id 18850, offset 0, flags [DF], proto TCP (6), length 52)"
1779760297.569095,,,TCP,2948,"1779760297.569095 IP (tos 0x0, ttl 64, id 44266, offset 0, flags [DF], proto TCP (6), length 2948)"
1779760297.570361,,,TCP,4396,"1779760297.570361 IP (tos 0x0, ttl 64, id 44268, offset 0, flags [DF], proto TCP (6), length 4396)"
1779760297.570436,,,TCP,52,"1779760297.570436 IP (tos 0x0, ttl 64, id 18851, offset 0, flags [DF], proto TCP (6), length 52)"
1779760297.571571,,,TCP,4396,"1779760297.571571 IP (tos 0x0, ttl 64, id 44271, offset 0, flags [DF], proto TCP (6), length 4396)"
1779760297.571704,,,TCP,52,"1779760297.571704 IP (tos 0x0, ttl 64, id 18852, offset 0, flags [DF], proto TCP (6), length 52)"
1779760297.572334,,,TCP,52,"1779760297.572334 IP (tos 0x0, ttl 64, id 18853, offset 0, flags [DF], proto TCP (6), length 52)"
1779760297.572390,,,TCP,964,"1779760297.572390 IP (tos 0x0, ttl 64, id 44274, offset 0, flags [DF], proto TCP (6), length 964)"
1779760297.572925,,,TCP,2948,"1779760297.572925 IP (tos 0x0, ttl 64, id 44275, offset 0, flags [DF], proto TCP (6), length 2948)"
1779760297.573270,,,TCP,52,"1779760297.573270 IP (tos 0x0, ttl 64, id 18854, offset 0, flags [DF], proto TCP (6), length 52)"
1779760297.573689,,,TCP,4396,"1779760297.573689 IP (tos 0x0, ttl 64, id 44277, offset 0, flags [DF], proto TCP (6), length 4396)"
1779760297.574507,,,TCP,52,"1779760297.574507 IP (tos 0x0, ttl 64, id 18855, offset 0, flags [DF], proto TCP (6), length 52)"
1779760297.574989,,,TCP,4396,"1779760297.574989 IP (tos 0x0, ttl 64, id 44280, offset 0, flags [DF], proto TCP (6), length 4396)"
1779760297.575647,,,TCP,52,"1779760297.575647 IP (tos 0x0, ttl 64, id 18856, offset 0, flags [DF], proto TCP (6), length 52)"
1779760297.575999,,,TCP,4396,"1779760297.575999 IP (tos 0x0, ttl 64, id 44283, offset 0, flags [DF], proto TCP (6), length 4396)"
1779760297.576819,,,TCP,52,"1779760297.576819 IP (tos 0x0, ttl 64, id 18857, offset 0, flags [DF], proto TCP (6), length 52)"
1779760297.577152,,,TCP,4396,"1779760297.577152 IP (tos 0x0, ttl 64, id 44286, offset 0, flags [DF], proto TCP (6), length 4396)"
1779760297.578043,,,TCP,52,"1779760297.578043 IP (tos 0x0, ttl 64, id 18858, offset 0, flags [DF], proto TCP (6), length 52)"
1779760297.578182,,,TCP,2948,"1779760297.578182 IP (tos 0x0, ttl 64, id 44289, offset 0, flags [DF], proto TCP (6), length 2948)"
1779760297.578971,,,TCP,4396,"1779760297.578971 IP (tos 0x0, ttl 64, id 44291, offset 0, flags [DF], proto TCP (6), length 4396)"
1779760297.579211,,,TCP,52,"1779760297.579211 IP (tos 0x0, ttl 64, id 18859, offset 0, flags [DF], proto TCP (6), length 52)"
1779760297.579817,,,TCP,4396,"1779760297.579817 IP (tos 0x0, ttl 64, id 44294, offset 0, flags [DF], proto TCP (6), length 4396)"
1779760297.580478,,,TCP,52,"1779760297.580478 IP (tos 0x0, ttl 64, id 18860, offset 0, flags [DF], proto TCP (6), length 52)"
1779760297.580712,,,TCP,4396,"1779760297.580712 IP (tos 0x0, ttl 64, id 44297, offset 0, flags [DF], proto TCP (6), length 4396)"
1779760297.581622,,,TCP,4396,"1779760297.581622 IP (tos 0x0, ttl 64, id 44300, offset 0, flags [DF], proto TCP (6), length 4396)"
1779760297.581641,,,TCP,52,"1779760297.581641 IP (tos 0x0, ttl 64, id 18861, offset 0, flags [DF], proto TCP (6), length 52)"
1779760297.582665,,,TCP,52,"1779760297.582665 IP (tos 0x0, ttl 64, id 18862, offset 0, flags [DF], proto TCP (6), length 52)"
1779760297.582748,,,TCP,468,"1779760297.582748 IP (tos 0x0, ttl 64, id 44303, offset 0, flags [DF], proto TCP (6), length 468)"
1779760297.582838,,,TCP,2948,"1779760297.582838 IP (tos 0x0, ttl 64, id 44304, offset 0, flags [DF], proto TCP (6), length 2948)"
1779760297.583006,,,TCP,52,"1779760297.583006 IP (tos 0x0, ttl 64, id 18863, offset 0, flags [DF], proto TCP (6), length 52)"
1779760297.583740,,,TCP,52,"1779760297.583740 IP (tos 0x0, ttl 64, id 18864, offset 0, flags [DF], proto TCP (6), length 52)"
1779760297.583858,,,TCP,4396,"1779760297.583858 IP (tos 0x0, ttl 64, id 44306, offset 0, flags [DF], proto TCP (6), length 4396)"
1779760297.584766,,,TCP,4396,"1779760297.584766 IP (tos 0x0, ttl 64, id 44309, offset 0, flags [DF], proto TCP (6), length 4396)"
1779760297.585096,,,TCP,52,"1779760297.585096 IP (tos 0x0, ttl 64, id 18865, offset 0, flags [DF], proto TCP (6), length 52)"
1779760297.585656,,,TCP,4396,"1779760297.585656 IP (tos 0x0, ttl 64, id 44312, offset 0, flags [DF], proto TCP (6), length 4396)"
1779760297.586040,,,TCP,52,"1779760297.586040 IP (tos 0x0, ttl 64, id 18866, offset 0, flags [DF], proto TCP (6), length 52)"
1779760297.586734,,,TCP,4396,"1779760297.586734 IP (tos 0x0, ttl 64, id 44315, offset 0, flags [DF], proto TCP (6), length 4396)"
1779760297.587332,,,TCP,52,"1779760297.587332 IP (tos 0x0, ttl 64, id 18867, offset 0, flags [DF], proto TCP (6), length 52)"
1779760297.587736,,,TCP,2948,"1779760297.587736 IP (tos 0x0, ttl 64, id 44318, offset 0, flags [DF], proto TCP (6), length 2948)"
1779760297.588281,,,TCP,52,"1779760297.588281 IP (tos 0x0, ttl 64, id 18868, offset 0, flags [DF], proto TCP (6), length 52)"
1779760297.588770,,,TCP,4396,"1779760297.588770 IP (tos 0x0, ttl 64, id 44320, offset 0, flags [DF], proto TCP (6), length 4396)"
1779760297.589081,,,TCP,52,"1779760297.589081 IP (tos 0x0, ttl 64, id 18869, offset 0, flags [DF], proto TCP (6), length 52)"
1779760297.589685,,,TCP,4396,"1779760297.589685 IP (tos 0x0, ttl 64, id 44323, offset 0, flags [DF], proto TCP (6), length 4396)"
1779760297.589989,,,TCP,52,"1779760297.589989 IP (tos 0x0, ttl 64, id 18870, offset 0, flags [DF], proto TCP (6), length 52)"
1779760297.590834,,,TCP,52,"1779760297.590834 IP (tos 0x0, ttl 64, id 18871, offset 0, flags [DF], proto TCP (6), length 52)"
1779760297.591092,,,TCP,4396,"1779760297.591092 IP (tos 0x0, ttl 64, id 44326, offset 0, flags [DF], proto TCP (6), length 4396)"
1779760297.591706,,,TCP,52,"1779760297.591706 IP (tos 0x0, ttl 64, id 18872, offset 0, flags [DF], proto TCP (6), length 52)"
1779760297.592527,,,TCP,4396,"1779760297.592527 IP (tos 0x0, ttl 64, id 44329, offset 0, flags [DF], proto TCP (6), length 4396)"
1779760297.592843,,,TCP,52,"1779760297.592843 IP (tos 0x0, ttl 64, id 18873, offset 0, flags [DF], proto TCP (6), length 52)"
1779760297.592920,,,TCP,468,"1779760297.592920 IP (tos 0x0, ttl 64, id 44332, offset 0, flags [DF], proto TCP (6), length 468)"
1779760297.592932,,,TCP,52,"1779760297.592932 IP (tos 0x0, ttl 64, id 18874, offset 0, flags [DF], proto TCP (6), length 52)"
1779760297.593679,,,TCP,2948,"1779760297.593679 IP (tos 0x0, ttl 64, id 44333, offset 0, flags [DF], proto TCP (6), length 2948)"
1779760297.594013,,,TCP,52,"1779760297.594013 IP (tos 0x0, ttl 64, id 18875, offset 0, flags [DF], proto TCP (6), length 52)"
1779760297.594567,,,TCP,4396,"1779760297.594567 IP (tos 0x0, ttl 64, id 44335, offset 0, flags [DF], proto TCP (6), length 4396)"
1779760297.594856,,,TCP,52,"1779760297.594856 IP (tos 0x0, ttl 64, id 18876, offset 0, flags [DF], proto TCP (6), length 52)"
1779760297.595310,,,TCP,4396,"1779760297.595310 IP (tos 0x0, ttl 64, id 44338, offset 0, flags [DF], proto TCP (6), length 4396)"
1779760297.595742,,,TCP,52,"1779760297.595742 IP (tos 0x0, ttl 64, id 18877, offset 0, flags [DF], proto TCP (6), length 52)"
1779760297.596032,,,TCP,4396,"1779760297.596032 IP (tos 0x0, ttl 64, id 44341, offset 0, flags [DF], proto TCP (6), length 4396)"
1779760297.596948,,,TCP,52,"1779760297.596948 IP (tos 0x0, ttl 64, id 18878, offset 0, flags [DF], proto TCP (6), length 52)"
1779760297.597274,,,TCP,4396,"1779760297.597274 IP (tos 0x0, ttl 64, id 44344, offset 0, flags [DF], proto TCP (6), length 4396)"
1779760297.597899,,,TCP,2948,"1779760297.597899 IP (tos 0x0, ttl 64, id 44347, offset 0, flags [DF], proto TCP (6), length 2948)"
1779760297.598483,,,TCP,52,"1779760297.598483 IP (tos 0x0, ttl 64, id 18879, offset 0, flags [DF], proto TCP (6), length 52)"
1779760297.598588,,,TCP,4396,"1779760297.598588 IP (tos 0x0, ttl 64, id 44349, offset 0, flags [DF], proto TCP (6), length 4396)"
1779760297.598921,,,TCP,52,"1779760297.598921 IP (tos 0x0, ttl 64, id 18880, offset 0, flags [DF], proto TCP (6), length 52)"
1779760297.599693,,,TCP,4396,"1779760297.599693 IP (tos 0x0, ttl 64, id 44352, offset 0, flags [DF], proto TCP (6), length 4396)"
1779760297.599722,,,TCP,52,"1779760297.599722 IP (tos 0x0, ttl 64, id 18881, offset 0, flags [DF], proto TCP (6), length 52)"
1779760297.600397,,,TCP,4396,"1779760297.600397 IP (tos 0x0, ttl 64, id 44355, offset 0, flags [DF], proto TCP (6), length 4396)"
1779760297.601116,,,TCP,4396,"1779760297.601116 IP (tos 0x0, ttl 64, id 44358, offset 0, flags [DF], proto TCP (6), length 4396)"
1779760297.601724,,,TCP,4396,"1779760297.601724 IP (tos 0x0, ttl 64, id 44361, offset 0, flags [DF], proto TCP (6), length 4396)"
1779760297.601759,,,TCP,52,"1779760297.601759 IP (tos 0x0, ttl 64, id 18882, offset 0, flags [DF], proto TCP (6), length 52)"
1779760297.602596,,,TCP,52,"1779760297.602596 IP (tos 0x0, ttl 64, id 18883, offset 0, flags [DF], proto TCP (6), length 52)"
1779760297.602725,,,TCP,2948,"1779760297.602725 IP (tos 0x0, ttl 64, id 44364, offset 0, flags [DF], proto TCP (6), length 2948)"
1779760297.603352,,,TCP,4396,"1779760297.603352 IP (tos 0x0, ttl 64, id 44366, offset 0, flags [DF], proto TCP (6), length 4396)"
1779760297.603772,,,TCP,4396,"1779760297.603772 IP (tos 0x0, ttl 64, id 44369, offset 0, flags [DF], proto TCP (6), length 4396)"
1779760297.604101,,,TCP,4396,"1779760297.604101 IP (tos 0x0, ttl 64, id 44372, offset 0, flags [DF], proto TCP (6), length 4396)"
1779760297.604491,,,TCP,52,"1779760297.604491 IP (tos 0x0, ttl 64, id 18884, offset 0, flags [DF], proto TCP (6), length 52)"
1779760297.604545,,,TCP,676,"1779760297.604545 IP (tos 0x0, ttl 64, id 44375, offset 0, flags [DF], proto TCP (6), length 676)"
1779760297.604604,,,TCP,52,"1779760297.604604 IP (tos 0x0, ttl 64, id 18885, offset 0, flags [DF], proto TCP (6), length 52)"
1779760297.604630,,,TCP,2948,"1779760297.604630 IP (tos 0x0, ttl 64, id 44376, offset 0, flags [DF], proto TCP (6), length 2948)"
1779760297.605539,,,TCP,4396,"1779760297.605539 IP (tos 0x0, ttl 64, id 44378, offset 0, flags [DF], proto TCP (6), length 4396)"
1779760297.606187,,,TCP,52,"1779760297.606187 IP (tos 0x0, ttl 64, id 18886, offset 0, flags [DF], proto TCP (6), length 52)"
1779760297.607535,,,TCP,52,"1779760297.607535 IP (tos 0x0, ttl 64, id 18887, offset 0, flags [DF], proto TCP (6), length 52)"
1779760297.608055,,,TCP,52,"1779760297.608055 IP (tos 0x0, ttl 64, id 18888, offset 0, flags [DF], proto TCP (6), length 52)"
1779760297.608679,,,TCP,52,"1779760297.608679 IP (tos 0x0, ttl 64, id 18889, offset 0, flags [DF], proto TCP (6), length 52)"
1779760297.610399,,,TCP,52,"1779760297.610399 IP (tos 0x0, ttl 64, id 18890, offset 0, flags [DF], proto TCP (6), length 52)"
1779760297.611123,,,TCP,52,"1779760297.611123 IP (tos 0x0, ttl 64, id 18891, offset 0, flags [DF], proto TCP (6), length 52)"
1779760297.611763,,,TCP,52,"1779760297.611763 IP (tos 0x0, ttl 64, id 18892, offset 0, flags [DF], proto TCP (6), length 52)"
1779760297.612625,,,TCP,52,"1779760297.612625 IP (tos 0x0, ttl 64, id 18893, offset 0, flags [DF], proto TCP (6), length 52)"
1779760297.613194,,,TCP,52,"1779760297.613194 IP (tos 0x0, ttl 64, id 18894, offset 0, flags [DF], proto TCP (6), length 52)"
1779760297.613617,,,TCP,52,"1779760297.613617 IP (tos 0x0, ttl 64, id 18895, offset 0, flags [DF], proto TCP (6), length 52)"
1779760297.614063,,,TCP,52,"1779760297.614063 IP (tos 0x0, ttl 64, id 18896, offset 0, flags [DF], proto TCP (6), length 52)"
1779760297.614634,,,TCP,52,"1779760297.614634 IP (tos 0x0, ttl 64, id 18897, offset 0, flags [DF], proto TCP (6), length 52)"
1779760297.614691,,,TCP,1004,"1779760297.614691 IP (tos 0x0, ttl 64, id 44381, offset 0, flags [DF], proto TCP (6), length 1004)"
1779760297.615559,,,TCP,52,"1779760297.615559 IP (tos 0x0, ttl 64, id 18898, offset 0, flags [DF], proto TCP (6), length 52)"
1779760297.616077,,,TCP,52,"1779760297.616077 IP (tos 0x0, ttl 64, id 18899, offset 0, flags [DF], proto TCP (6), length 52)"
1779760297.624956,,,TCP,52,"1779760297.624956 IP (tos 0x0, ttl 64, id 18900, offset 0, flags [DF], proto TCP (6), length 52)"
1779760297.733450,,,TCP,52,"1779760297.733450 IP (tos 0x0, ttl 64, id 44382, offset 0, flags [DF], proto TCP (6), length 52)"
1779760297.765981,,,TCP,52,"1779760297.765981 IP (tos 0x0, ttl 64, id 18901, offset 0, flags [DF], proto TCP (6), length 52)"
1779760297.766333,,,TCP,52,"1779760297.766333 IP (tos 0x0, ttl 64, id 44383, offset 0, flags [DF], proto TCP (6), length 52)"
