timestamp_s,seq,evento
0.060969,0,ENVIADO
0.062966,1,ENVIADO
0.064311,2,ENVIADO
0.073797,3,ENVIADO
0.074725,4,ENVIADO
0.075546,5,ENVIADO
0.076357,6,ENVIADO
0.095565,7,ENVIADO
0.095645,0,ACK
0.096525,8,ENVIADO
0.09655,1,ACK
0.097266,9,ENVIADO
0.097301,2,ACK
0.097968,10,ENVIADO
0.097993,3,ACK
0.098623,11,ENVIADO
0.098644,4,ACK
0.099187,12,ENVIADO
0.099207,5,ACK
0.099727,13,ENVIADO
0.099747,6,ACK
0.100223,14,ENVIADO
0.106785,7,ACK
0.107798,15,ENVIADO
0.107833,8,ACK
0.108481,16,ENVIADO
0.1085,9,ACK
0.109053,17,ENVIADO
0.109072,10,ACK
0.135051,18,ENVIADO
0.135114,11,ACK
0.136328,19,ENVIADO
0.136361,12,ACK
0.137478,20,ENVIADO
0.137512,13,ACK
0.138769,21,ENVIADO
0.138813,14,ACK
0.13988,22,ENVIADO
0.139907,15,ACK
0.140461,23,ENVIADO
0.140475,16,ACK
0.140961,24,ENVIADO
0.140976,17,ACK
0.141649,25,ENVIADO
0.146513,18,ACK
0.147433,26,ENVIADO
0.147465,19,ACK
0.148296,27,ENVIADO
0.148314,20,ACK
0.148961,28,ENVIADO
0.150595,21,ACK
0.151493,29,ENVIADO
0.151566,22,ACK
0.152344,30,ENVIADO
0.152362,23,ACK
0.152876,31,ENVIADO
0.152892,24,ACK
0.153556,32,ENVIADO
0.153695,25,ACK
0.154509,33,ENVIADO
0.158604,26,ACK
0.159498,34,ENVIADO
0.159567,27,ACK
0.160256,35,ENVIADO
0.160275,28,ACK
0.160905,36,ENVIADO
0.162573,29,ACK
0.163653,37,ENVIADO
0.163686,30,ACK
0.174704,38,ENVIADO
0.174752,31,ACK
0.175824,39,ENVIADO
0.17585,32,ACK
0.176436,40,ENVIADO
0.176544,33,ACK
0.177221,41,ENVIADO
0.177238,34,ACK
0.177916,42,ENVIADO
0.177932,35,ACK
0.195799,43,ENVIADO
0.195839,36,ACK
0.196671,44,ENVIADO
0.196696,37,ACK
0.197469,45,ENVIADO
0.197491,38,ACK
0.198088,46,ENVIADO
0.198109,39,ACK
0.198681,47,ENVIADO
0.198706,40,ACK
0.199331,48,ENVIADO
0.199359,41,ACK
0.199943,49,ENVIADO
0.199962,42,ACK
0.20043,50,ENVIADO
0.208327,43,ACK
0.209669,51,ENVIADO
0.209705,44,ACK
0.210628,52,ENVIADO
0.210649,45,ACK
0.211272,53,ENVIADO
0.21129,46,ACK
0.211884,54,ENVIADO
0.211901,47,ACK
0.21234,55,ENVIADO
0.212359,48,ACK
0.212851,56,ENVIADO
0.212871,49,ACK
0.213356,57,ENVIADO
0.213374,50,ACK
0.213928,58,ENVIADO
0.220785,51,ACK
0.221756,59,ENVIADO
0.221781,52,ACK
0.222329,60,ENVIADO
0.222347,53,ACK
0.229774,61,ENVIADO
0.229796,54,ACK
0.230306,62,ENVIADO
0.230356,55,ACK
0.231168,63,ENVIADO
0.231194,56,ACK
0.231762,64,ENVIADO
0.231791,57,ACK
0.232264,65,ENVIADO
0.232282,58,ACK
0.232747,66,ENVIADO
0.232768,59,ACK
0.233139,67,ENVIADO
0.233158,60,ACK
0.23363,68,ENVIADO
0.240386,61,ACK
0.240963,69,ENVIADO
0.241215,62,ACK
0.241713,70,ENVIADO
0.241732,63,ACK
0.242245,71,ENVIADO
0.242265,64,ACK
0.242725,72,ENVIADO
0.242742,65,ACK
0.243173,73,ENVIADO
0.243189,66,ACK
0.24367,74,ENVIADO
0.243689,67,ACK
0.244151,75,ENVIADO
0.244169,68,ACK
0.244536,76,ENVIADO
0.251567,69,ACK
0.252312,77,ENVIADO
0.252328,70,ACK
0.253075,78,ENVIADO
0.25309,71,ACK
0.253967,79,ENVIADO
0.25399,72,ACK
0.254885,80,ENVIADO
0.254902,73,ACK
0.255655,81,ENVIADO
0.280702,74,ACK
0.281602,82,ENVIADO
0.281634,75,ACK
0.282641,83,ENVIADO
0.282682,76,ACK
0.283537,84,ENVIADO
0.283564,77,ACK
0.284278,85,ENVIADO
0.284343,78,ACK
0.285348,86,ENVIADO
0.28538,79,ACK
0.286178,87,ENVIADO
0.286223,80,ACK
0.287206,88,ENVIADO
0.287245,81,ACK
0.28805,89,ENVIADO
0.292728,82,ACK
0.293499,90,ENVIADO
0.293526,83,ACK
0.294599,91,ENVIADO
0.294628,84,ACK
0.295141,92,ENVIADO
0.295161,85,ACK
0.295707,93,ENVIADO
0.296001,86,ACK
0.296691,94,ENVIADO
0.296896,87,ACK
0.314404,95,ENVIADO
0.314457,88,ACK
0.315312,96,ENVIADO
0.315415,89,ACK
0.316237,97,ENVIADO
0.316263,90,ACK
0.31697,98,ENVIADO
0.316988,91,ACK
0.317635,99,ENVIADO
0.317652,92,ACK
0.318097,100,ENVIADO
0.318116,93,ACK
0.318902,101,ENVIADO
0.318958,94,ACK
0.340379,102,ENVIADO
0.340415,95,ACK
0.341259,103,ENVIADO
0.341282,96,ACK
0.341892,104,ENVIADO
0.341912,97,ACK
0.342509,105,ENVIADO
0.342529,98,ACK
0.343063,106,ENVIADO
0.343085,99,ACK
0.343615,107,ENVIADO
0.343633,100,ACK
0.344157,108,ENVIADO
0.344181,101,ACK
0.344746,109,ENVIADO
0.351311,102,ACK
0.35191,110,ENVIADO
0.351928,103,ACK
0.352455,111,ENVIADO
0.352576,104,ACK
0.353564,112,ENVIADO
0.353829,105,ACK
0.354707,113,ENVIADO
0.354742,106,ACK
0.355524,114,ENVIADO
0.355551,107,ACK
0.35632,115,ENVIADO
0.35635,108,ACK
0.357112,116,ENVIADO
0.357142,109,ACK
0.357893,117,ENVIADO
0.362866,110,ACK
0.364045,118,ENVIADO
0.364076,111,ACK
0.364859,119,ENVIADO
0.364919,112,ACK
0.365906,120,ENVIADO
0.365924,113,ACK
0.366678,121,ENVIADO
0.366734,114,ACK
0.367573,122,ENVIADO
0.367591,115,ACK
0.368215,123,ENVIADO
0.368269,116,ACK
0.3689,124,ENVIADO
0.368916,117,ACK
0.369469,125,ENVIADO
0.375149,118,ACK
0.375872,126,ENVIADO
0.375898,119,ACK
0.376362,127,ENVIADO
0.376621,120,ACK
0.377048,128,ENVIADO
0.37745,121,ACK
0.377928,129,ENVIADO
0.37826,122,ACK
0.378834,130,ENVIADO
0.378852,123,ACK
0.427169,131,ENVIADO
0.427219,124,ACK
0.450332,132,ENVIADO
0.450402,125,ACK
0.452133,133,ENVIADO
0.452187,126,ACK
0.45402,134,ENVIADO
0.45407,127,ACK
0.455196,135,ENVIADO
0.455237,128,ACK
0.456409,136,ENVIADO
0.456442,129,ACK
0.457314,137,ENVIADO
0.457352,130,ACK
0.458264,138,ENVIADO
0.458293,131,ACK
0.45904,139,ENVIADO
0.461951,132,ACK
0.463087,140,ENVIADO
0.463171,133,ACK
0.463908,141,ENVIADO
0.465543,134,ACK
0.466412,142,ENVIADO
0.466445,135,ACK
0.467162,143,ENVIADO
0.467182,136,ACK
0.467744,144,ENVIADO
0.468112,137,ACK
0.468551,145,ENVIADO
0.468921,138,ACK
0.469393,146,ENVIADO
0.469728,139,ACK
0.470284,147,ENVIADO
0.47385,140,ACK
0.474488,148,ENVIADO
0.474504,141,ACK
0.474969,149,ENVIADO
0.477167,142,ACK
0.477816,150,ENVIADO
0.477871,143,ACK
0.478536,151,ENVIADO
0.4786,144,ACK
0.479441,152,ENVIADO
0.479514,145,ACK
0.480031,153,ENVIADO
0.480049,146,ACK
0.480546,154,ENVIADO
0.480685,147,ACK
0.481448,155,ENVIADO
0.485199,148,ACK
0.486095,156,ENVIADO
0.486137,149,ACK
0.487077,157,ENVIADO
0.488675,150,ACK
0.489507,158,ENVIADO
0.489539,151,ACK
0.490189,159,ENVIADO
0.490249,152,ACK
0.490855,160,ENVIADO
0.49088,153,ACK
0.491605,161,ENVIADO
0.491633,154,ACK
0.492239,162,ENVIADO
0.49227,155,ACK
0.492923,163,ENVIADO
0.497658,156,ACK
0.498562,164,ENVIADO
0.498593,157,ACK
0.499371,165,ENVIADO
0.500222,158,ACK
0.50095,166,ENVIADO
0.500975,159,ACK
0.501556,167,ENVIADO
0.501578,160,ACK
0.502117,168,ENVIADO
0.502296,161,ACK
0.502866,169,ENVIADO
0.502922,162,ACK
0.503565,170,ENVIADO
0.503745,163,ACK
0.504428,171,ENVIADO
0.509433,164,ACK
0.510199,172,ENVIADO
0.510411,165,ACK
0.511168,173,ENVIADO
0.511553,166,ACK
0.547177,174,ENVIADO
0.547235,167,ACK
0.548542,175,ENVIADO
0.548594,168,ACK
0.549754,176,ENVIADO
0.549786,169,ACK
0.550753,177,ENVIADO
0.550794,170,ACK
0.551766,178,ENVIADO
0.551802,171,ACK
0.552975,179,ENVIADO
0.553013,172,ACK
0.554024,180,ENVIADO
0.554067,173,ACK
0.555179,181,ENVIADO
0.558614,174,ACK
0.559679,182,ENVIADO
0.55972,175,ACK
0.560897,183,ENVIADO
0.560934,176,ACK
0.561849,184,ENVIADO
0.561883,177,ACK
0.562797,185,ENVIADO
0.562827,178,ACK
0.563584,186,ENVIADO
0.563961,179,ACK
0.564757,187,ENVIADO
0.564948,180,ACK
0.565626,188,ENVIADO
0.566113,181,ACK
0.566833,189,ENVIADO
0.570729,182,ACK
0.57192,190,ENVIADO
0.571971,183,ACK
0.572968,191,ENVIADO
0.573008,184,ACK
0.643486,192,ENVIADO
0.643527,185,ACK
0.644598,193,ENVIADO
0.644636,186,ACK
0.645835,194,ENVIADO
0.64587,187,ACK
0.64679,195,ENVIADO
0.646823,188,ACK
0.647795,196,ENVIADO
0.64783,189,ACK
0.648893,197,ENVIADO
0.648932,190,ACK
0.649859,198,ENVIADO
0.649892,191,ACK
0.650609,199,ENVIADO
0.654569,192,ACK
0.655461,200,ENVIADO
0.655548,193,ACK
0.656281,201,ENVIADO
0.65668,194,ACK
0.657364,202,ENVIADO
0.657522,195,ACK
0.658024,203,ENVIADO
0.658649,196,ACK
0.675545,204,ENVIADO
0.675574,197,ACK
0.676005,205,ENVIADO
0.676016,198,ACK
0.676288,206,ENVIADO
0.676299,199,ACK
0.73437,207,ENVIADO
0.774701,200,ACK
0.797642,208,ENVIADO
0.79769,201,ACK
0.798982,209,ENVIADO
0.799004,202,ACK
0.799902,210,ENVIADO
0.79992,203,ACK
0.800715,211,ENVIADO
0.800773,204,ACK
0.801658,212,ENVIADO
0.801675,205,ACK
0.802293,213,ENVIADO
0.80231,206,ACK
0.802804,214,ENVIADO
0.802825,207,ACK
0.804052,215,ENVIADO
0.80889,208,ACK
0.809638,216,ENVIADO
0.809881,209,ACK
0.810449,217,ENVIADO
0.810499,210,ACK
0.810944,218,ENVIADO
0.811621,211,ACK
0.812112,219,ENVIADO
0.812326,212,ACK
0.813135,220,ENVIADO
0.830795,213,ACK
0.832236,221,ENVIADO
0.832264,214,ACK
0.833007,222,ENVIADO
0.833062,215,ACK
0.833589,223,ENVIADO
0.833644,216,ACK
0.834452,224,ENVIADO
0.834507,217,ACK
0.856164,225,ENVIADO
0.856192,218,ACK
0.85698,226,ENVIADO
0.85701,219,ACK
0.857877,227,ENVIADO
0.8579,220,ACK
0.858686,228,ENVIADO
0.858746,221,ACK
0.859482,229,ENVIADO
0.859538,222,ACK
0.859991,230,ENVIADO
0.860008,223,ACK
0.860982,231,ENVIADO
0.86581,224,ACK
0.866642,232,ENVIADO
0.866903,225,ACK
0.867385,233,ENVIADO
0.867568,226,ACK
0.86885,234,ENVIADO
0.868876,227,ACK
0.869954,235,ENVIADO
0.870009,228,ACK
0.870979,236,ENVIADO
0.871015,229,ACK
0.871852,237,ENVIADO
0.871891,230,ACK
0.872707,238,ENVIADO
0.872742,231,ACK
0.873749,239,ENVIADO
0.877851,232,ACK
0.895548,240,ENVIADO
0.89558,233,ACK
0.896224,241,ENVIADO
0.896251,234,ACK
0.896854,242,ENVIADO
0.896877,235,ACK
0.897539,243,ENVIADO
0.897563,236,ACK
0.898188,244,ENVIADO
0.898273,237,ACK
0.898957,245,ENVIADO
0.898989,238,ACK
0.899701,246,ENVIADO
0.899732,239,ACK
0.900553,247,ENVIADO
0.906272,240,ACK
0.906982,248,ENVIADO
0.907009,241,ACK
0.907709,249,ENVIADO
0.907742,242,ACK
0.908399,250,ENVIADO
0.908425,243,ACK
0.90896,251,ENVIADO
0.908981,244,ACK
0.90976,252,ENVIADO
0.909796,245,ACK
0.910558,253,ENVIADO
0.910585,246,ACK
0.911255,254,ENVIADO
0.911288,247,ACK
0.911963,255,ENVIADO
0.91767,248,ACK
0.918301,249,ACK
0.918877,250,ACK
0.919624,251,ACK
0.920367,252,ACK
0.921222,253,ACK
0.921953,254,ACK
0.922553,255,ACK
