timestamp_s,bytes_recebidos_no_recv,total_acumulado
0.03437,4096,4096
0.035591,2896,6992
0.036317,4096,11088
0.037159,3144,14232
0.054656,2896,17128
0.055429,4096,21224
0.057054,4096,25320
0.058128,4096,29416
0.068347,4096,33512
0.070802,4096,37608
0.105594,4096,41704
0.121485,4096,45800
0.144781,4096,49896
0.146269,4096,53992
0.146941,4096,58088
0.14733,4096,62184
0.147722,4096,66280
0.14821,4096,70376
0.148884,4096,74472
0.149512,4096,78568
0.149975,4096,82664
0.1504,4096,86760
0.151062,4096,90856
0.151519,4096,94952
0.151934,4096,99048
0.152709,4096,103144
0.152987,4096,107240
0.153584,4096,111336
0.154356,4096,115432
0.154792,4096,119528
0.155149,4096,123624
0.155785,4096,127720
0.157188,4096,131816
0.158483,4096,135912
0.159498,4096,140008
0.160566,4096,144104
0.161633,4096,148200
0.162424,4096,152296
0.162788,4096,156392
0.163069,4096,160488
0.163379,4096,164584
0.163675,2400,166984
0.164712,4096,171080
0.169172,248,171328
0.172893,4096,175424
0.176468,248,175672
0.177401,4096,179768
0.17817,3352,183120
0.179219,4096,187216
0.179862,248,187464
0.180253,4096,191560
0.180979,4096,195656
0.181681,496,196152
0.182492,4096,200248
0.183081,3144,203392
0.183836,4096,207488
0.184642,4096,211584
0.185702,1408,212992
0.186052,2896,215888
0.186444,4096,219984
0.187088,248,220232
0.187746,4096,224328
0.188357,4096,228424
0.189033,4096,232520
0.189713,3640,236160
0.190485,4096,240256
0.191075,248,240504
0.191964,4096,244600
0.192752,248,244848
0.193319,4096,248944
0.193907,4096,253040
0.194429,4096,257136
0.195166,744,257880
0.195181,3064,260944
0.196441,4096,265040
0.197379,248,265288
0.1979,4096,269384
0.198444,4096,273480
0.199,4096,277576
0.19973,744,278320
0.199748,2896,281216
0.20086,4096,285312
0.201662,248,285560
0.202407,4096,289656
0.203132,4096,293752
0.203588,4096,297848
0.204382,744,298592
0.204911,4096,302688
0.205857,3312,306000
0.206742,4096,310096
0.207477,248,310344
0.208255,4096,314440
0.208785,4096,318536
0.209182,4096,322632
0.21023,744,323376
0.21025,2896,326272
0.211091,4096,330368
0.211614,248,330616
0.212232,4096,334712
0.212838,248,334960
0.213394,4096,339056
0.214019,4096,343152
0.214805,496,343648
0.215486,4096,347744
0.215993,3312,351056
0.216575,4096,355152
0.217434,248,355400
0.218176,4096,359496
0.218867,4096,363592
0.219251,4096,367688
0.219958,3640,371328
0.22131,4096,375424
0.221982,248,375672
0.222764,4096,379768
0.223653,4096,383864
0.224439,496,384360
0.225127,4096,388456
0.22583,4096,392552
0.226634,3560,396112
0.227362,4096,400208
0.228157,248,400456
0.228966,4096,404552
0.229702,4096,408648
0.230814,4096,412744
0.231649,3640,416384
0.232512,4096,420480
0.233109,4096,424576
0.233867,4096,428672
0.234328,4096,432768
0.235005,992,433760
0.235746,4096,437856
0.236543,416,438272
0.236568,2896,441168
0.237414,4096,445264
0.238017,248,445512
0.238827,4096,449608
0.239381,4096,453704
0.240339,496,454200
0.240963,4096,458296
0.24169,3144,461440
0.242282,4096,465536
0.243133,248,465784
0.243778,4096,469880
0.244727,4096,473976
0.245328,4096,478072
0.246018,1160,479232
0.246078,2896,482128
0.24742,4096,486224
0.248377,248,486472
0.249591,4096,490568
0.250641,4096,494664
0.251462,4096,498760
0.252526,3640,502400
0.2537,4096,506496
0.254834,248,506744
0.255575,4096,510840
0.256619,4056,514896
0.257726,4096,518992
0.258388,248,519240
0.259496,4096,523336
0.260384,248,523584
0.261465,4096,527680
0.26257,4096,531776
0.263322,496,532272
0.263377,2896,535168
0.265679,4096,539264
0.266862,248,539512
0.267991,4056,543568
0.269027,4096,547664
0.270188,4096,551760
0.271175,4096,555856
0.272314,4096,559952
0.273237,3888,563840
0.274647,4096,567936
0.275535,248,568184
0.276271,4096,572280
0.277366,4096,576376
0.278445,1160,577536
0.278489,2896,580432
0.279894,4096,584528
0.281077,248,584776
0.281877,4096,588872
0.282763,4096,592968
0.283738,4096,597064
0.284645,744,597808
0.284703,2896,600704
0.286363,4096,604800
0.287537,248,605048
0.288465,4056,609104
0.289403,4096,613200
0.290442,4096,617296
0.291383,4096,621392
0.292302,744,622136
0.293221,4096,626232
0.294156,3144,629376
0.295351,4096,633472
0.296527,4096,637568
0.297436,496,638064
0.298044,3808,641872
0.299517,4096,645968
0.300636,4096,650064
0.301742,496,650560
0.302612,4096,654656
0.303522,4096,658752
0.304478,3392,662144
0.305681,4096,666240
0.306461,4096,670336
0.307324,496,670832
0.308325,4096,674928
0.309494,3808,678736
0.310849,4096,682832
0.311847,248,683080
0.312902,4096,687176
0.314065,4096,691272
0.315073,4096,695368
0.315966,3640,699008
0.317276,4096,703104
0.318387,1408,704512
0.319225,2896,707408
0.320312,4096,711504
0.321231,248,711752
0.322068,4096,715848
0.323059,248,716096
0.323846,4096,720192
0.324988,4096,724288
0.326084,3392,727680
0.327142,4096,731776
0.327976,248,732024
0.328919,4056,736080
0.329812,4096,740176
0.330753,248,740424
0.331672,4096,744520
0.332448,4096,748616
0.333301,496,749112
0.334271,4096,753208
0.335302,248,753456
0.335354,2896,756352
0.336405,4096,760448
0.337339,248,760696
0.338595,4096,764792
0.339557,4056,768848
0.340589,4096,772944
0.341365,4096,777040
0.342247,4096,781136
0.343144,4096,785232
0.343928,992,786224
0.343984,2896,789120
0.346443,4096,793216
0.347295,4096,797312
0.348175,496,797808
0.349097,4096,801904
0.349845,3808,805712
0.351077,4096,809808
0.35198,4096,813904
0.353091,496,814400
0.353946,4096,818496
0.354875,4096,822592
0.355725,496,823088
0.355765,2896,825984
0.3572,4096,830080
0.358063,248,830328
0.358692,4096,834424
0.359705,4056,838480
0.361855,4096,842576
0.362992,248,842824
0.363892,4096,846920
0.364871,4096,851016
0.36584,4096,855112
0.366808,744,855856
0.366835,2896,858752
0.368933,4096,862848
0.369805,1408,864256
0.370578,2896,867152
0.371649,4096,871248
0.372585,4096,875344
0.373647,496,875840
0.374602,4096,879936
0.375734,4096,884032
0.377056,3392,887424
0.378003,4096,891520
0.379097,4096,895616
0.379717,4096,899712
0.38082,208,899920
0.381825,4096,904016
0.382455,4096,908112
0.383234,4096,912208
0.38394,744,912952
0.38464,4096,917048
0.385128,3144,920192
0.385886,4096,924288
0.386719,248,924536
0.387471,4096,928632
0.388243,4096,932728
0.388978,4096,936824
0.389853,4056,940880
0.390777,4096,944976
0.391337,248,945224
0.39195,4096,949320
0.392781,4096,953416
0.393731,496,953912
0.394478,4096,958008
0.395095,3144,961152
0.395705,4096,965248
0.397181,248,965496
0.397819,4096,969592
0.398536,4096,973688
0.39952,496,974184
0.40054,4096,978280
0.40138,3560,981840
0.402236,4096,985936
0.403441,4096,990032
0.403993,4096,994128
0.404598,4096,998224
0.405723,3888,1002112
0.406438,4096,1006208
0.407148,4096,1010304
0.407812,4096,1014400
0.408676,4096,1018496
0.409224,4096,1022592
0.409635,4096,1026688
0.410104,4096,1030784
0.410684,4096,1034880
0.411613,4096,1038976
0.412161,4096,1043072
0.412867,4096,1047168
0.413686,456,1047624
0.420951,952,1048576
